,labels_glass_HDBSCAN_params1,labels_glass_HDBSCAN_params10,labels_glass_HDBSCAN_params11,labels_glass_HDBSCAN_params12,labels_glass_HDBSCAN_params13,labels_glass_HDBSCAN_params14,labels_glass_HDBSCAN_params15,labels_glass_HDBSCAN_params16,labels_glass_HDBSCAN_params17,labels_glass_HDBSCAN_params18,labels_glass_HDBSCAN_params19,labels_glass_HDBSCAN_params2,labels_glass_HDBSCAN_params20,labels_glass_HDBSCAN_params21,labels_glass_HDBSCAN_params22,labels_glass_HDBSCAN_params23,labels_glass_HDBSCAN_params24,labels_glass_HDBSCAN_params25,labels_glass_HDBSCAN_params26,labels_glass_HDBSCAN_params27,labels_glass_HDBSCAN_params28,labels_glass_HDBSCAN_params29,labels_glass_HDBSCAN_params3,labels_glass_HDBSCAN_params30,labels_glass_HDBSCAN_params31,labels_glass_HDBSCAN_params32,labels_glass_HDBSCAN_params33,labels_glass_HDBSCAN_params34,labels_glass_HDBSCAN_params35,labels_glass_HDBSCAN_params36,labels_glass_HDBSCAN_params37,labels_glass_HDBSCAN_params38,labels_glass_HDBSCAN_params39,labels_glass_HDBSCAN_params4,labels_glass_HDBSCAN_params40,labels_glass_HDBSCAN_params41,labels_glass_HDBSCAN_params42,labels_glass_HDBSCAN_params43,labels_glass_HDBSCAN_params44,labels_glass_HDBSCAN_params45,labels_glass_HDBSCAN_params46,labels_glass_HDBSCAN_params47,labels_glass_HDBSCAN_params48,labels_glass_HDBSCAN_params49,labels_glass_HDBSCAN_params5,labels_glass_HDBSCAN_params50,labels_glass_HDBSCAN_params51,labels_glass_HDBSCAN_params52,labels_glass_HDBSCAN_params53,labels_glass_HDBSCAN_params54,labels_glass_HDBSCAN_params55,labels_glass_HDBSCAN_params56,labels_glass_HDBSCAN_params6,labels_glass_HDBSCAN_params7,labels_glass_HDBSCAN_params8,labels_glass_HDBSCAN_params9
cSIL,0.9011914483404501,0.9227209811003592,0.9227209811003592,0.9227209811003592,0.9227209811003592,0.9227209811003592,0.946299251913696,0.946299251913696,0.946299251913696,0.946299251913696,0.946299251913696,0.9011914483404501,0.946299251913696,0.946299251913696,0.9048237477151062,0.9048237477151062,0.9048237477151062,0.9048237477151062,0.9048237477151062,0.9048237477151062,0.9048237477151062,0.9227209811003592,0.9011914483404501,0.9227209811003592,0.9227209811003592,0.9227209811003592,0.9227209811003592,0.9227209811003592,0.9227209811003592,0.946299251913696,0.946299251913696,0.946299251913696,0.946299251913696,0.9011914483404501,0.946299251913696,0.946299251913696,0.946299251913696,0.9048237477151062,0.9048237477151062,0.9048237477151062,0.9048237477151062,0.9048237477151062,0.9048237477151062,0.9048237477151062,0.9011914483404501,0.9227209811003592,0.9227209811003592,0.9227209811003592,0.9227209811003592,0.9227209811003592,0.9227209811003592,0.9227209811003592,0.9011914483404501,0.9011914483404501,0.9227209811003592,0.9227209811003592
GD43,1.2069765523104876,3.104152302530828,3.104152302530828,3.104152302530828,3.104152302530828,3.104152302530828,2.9886423119062533,2.9886423119062533,2.9886423119062533,2.9886423119062533,2.9886423119062533,1.2069765523104876,2.9886423119062533,2.9886423119062533,2.4311545197046933,2.4311545197046933,2.4311545197046933,2.4311545197046933,2.4311545197046933,2.4311545197046933,2.4311545197046933,3.104152302530828,1.2069765523104876,3.104152302530828,3.104152302530828,3.104152302530828,3.104152302530828,3.104152302530828,3.104152302530828,2.9886423119062533,2.9886423119062533,2.9886423119062533,2.9886423119062533,1.2069765523104876,2.9886423119062533,2.9886423119062533,2.9886423119062533,2.4311545197046933,2.4311545197046933,2.4311545197046933,2.4311545197046933,2.4311545197046933,2.4311545197046933,2.4311545197046933,1.2069765523104876,3.104152302530828,3.104152302530828,3.104152302530828,3.104152302530828,3.104152302530828,3.104152302530828,3.104152302530828,1.2069765523104876,1.2069765523104876,3.104152302530828,3.104152302530828
GD53,0.10502456689323526,0.49285458417095196,0.49285458417095196,0.49285458417095196,0.49285458417095196,0.49285458417095196,0.4765314679741304,0.4765314679741304,0.4765314679741304,0.4765314679741304,0.4765314679741304,0.10502456689323526,0.4765314679741304,0.4765314679741304,0.4184168245859644,0.4184168245859644,0.4184168245859644,0.4184168245859644,0.4184168245859644,0.4184168245859644,0.4184168245859644,0.49285458417095196,0.10502456689323526,0.49285458417095196,0.49285458417095196,0.49285458417095196,0.49285458417095196,0.49285458417095196,0.49285458417095196,0.4765314679741304,0.4765314679741304,0.4765314679741304,0.4765314679741304,0.10502456689323526,0.4765314679741304,0.4765314679741304,0.4765314679741304,0.4184168245859644,0.4184168245859644,0.4184168245859644,0.4184168245859644,0.4184168245859644,0.4184168245859644,0.4184168245859644,0.10502456689323526,0.49285458417095196,0.49285458417095196,0.49285458417095196,0.49285458417095196,0.49285458417095196,0.49285458417095196,0.49285458417095196,0.10502456689323526,0.10502456689323526,0.49285458417095196,0.49285458417095196
PS,0.0023375057405904953,1.107159571895734,1.107159571895734,1.107159571895734,1.107159571895734,1.107159571895734,1.0274712863250957,1.0274712863250957,1.0274712863250957,1.0274712863250957,1.0274712863250957,0.0023375057405904953,1.0274712863250957,1.0274712863250957,1.1321998910537006,1.1321998910537006,1.1321998910537006,1.1321998910537006,1.1321998910537006,1.1321998910537006,1.1321998910537006,1.107159571895734,0.0023375057405904953,1.107159571895734,1.107159571895734,1.107159571895734,1.107159571895734,1.107159571895734,1.107159571895734,1.0274712863250957,1.0274712863250957,1.0274712863250957,1.0274712863250957,0.0023375057405904953,1.0274712863250957,1.0274712863250957,1.0274712863250957,1.1321998910537006,1.1321998910537006,1.1321998910537006,1.1321998910537006,1.1321998910537006,1.1321998910537006,1.1321998910537006,0.0023375057405904953,1.107159571895734,1.107159571895734,1.107159571895734,1.107159571895734,1.107159571895734,1.107159571895734,1.107159571895734,0.0023375057405904953,0.0023375057405904953,1.107159571895734,1.107159571895734
rCIP,0.5558646691921131,2.411054915072659e-05,2.411054915072659e-05,2.411054915072659e-05,2.411054915072659e-05,2.411054915072659e-05,1.1362322666395382e-05,1.1362322666395382e-05,1.1362322666395382e-05,1.1362322666395382e-05,1.1362322666395382e-05,0.5558646691921131,1.1362322666395382e-05,1.1362322666395382e-05,2.535052410922401e-05,2.535052410922401e-05,2.535052410922401e-05,2.535052410922401e-05,2.535052410922401e-05,2.535052410922401e-05,2.535052410922401e-05,2.411054915072659e-05,0.5558646691921131,2.411054915072659e-05,2.411054915072659e-05,2.411054915072659e-05,2.411054915072659e-05,2.411054915072659e-05,2.411054915072659e-05,1.1362322666395382e-05,1.1362322666395382e-05,1.1362322666395382e-05,1.1362322666395382e-05,0.5558646691921131,1.1362322666395382e-05,1.1362322666395382e-05,1.1362322666395382e-05,2.535052410922401e-05,2.535052410922401e-05,2.535052410922401e-05,2.535052410922401e-05,2.535052410922401e-05,2.535052410922401e-05,2.535052410922401e-05,0.5558646691921131,2.411054915072659e-05,2.411054915072659e-05,2.411054915072659e-05,2.411054915072659e-05,2.411054915072659e-05,2.411054915072659e-05,2.411054915072659e-05,0.5558646691921131,0.5558646691921131,2.411054915072659e-05,2.411054915072659e-05
WB,2.0857668772514746,1.592222274788005,1.592222274788005,1.592222274788005,1.592222274788005,1.592222274788005,3.057324519728571,3.057324519728571,3.057324519728571,3.057324519728571,3.057324519728571,2.0857668772514746,3.057324519728571,3.057324519728571,1.5727241237490461,1.5727241237490461,1.5727241237490461,1.5727241237490461,1.5727241237490461,1.5727241237490461,1.5727241237490461,1.592222274788005,2.0857668772514746,1.592222274788005,1.592222274788005,1.592222274788005,1.592222274788005,1.592222274788005,1.592222274788005,3.057324519728571,3.057324519728571,3.057324519728571,3.057324519728571,2.0857668772514746,3.057324519728571,3.057324519728571,3.057324519728571,1.5727241237490461,1.5727241237490461,1.5727241237490461,1.5727241237490461,1.5727241237490461,1.5727241237490461,1.5727241237490461,2.0857668772514746,1.592222274788005,1.592222274788005,1.592222274788005,1.592222274788005,1.592222274788005,1.592222274788005,1.592222274788005,2.0857668772514746,2.0857668772514746,1.592222274788005,1.592222274788005
XB,0.5269934739237273,0.0875007375826355,0.0875007375826355,0.0875007375826355,0.0875007375826355,0.0875007375826355,0.08654061276630447,0.08654061276630447,0.08654061276630447,0.08654061276630447,0.08654061276630447,0.5269934739237273,0.08654061276630447,0.08654061276630447,0.09717881776992565,0.09717881776992565,0.09717881776992565,0.09717881776992565,0.09717881776992565,0.09717881776992565,0.09717881776992565,0.0875007375826355,0.5269934739237273,0.0875007375826355,0.0875007375826355,0.0875007375826355,0.0875007375826355,0.0875007375826355,0.0875007375826355,0.08654061276630447,0.08654061276630447,0.08654061276630447,0.08654061276630447,0.5269934739237273,0.08654061276630447,0.08654061276630447,0.08654061276630447,0.09717881776992565,0.09717881776992565,0.09717881776992565,0.09717881776992565,0.09717881776992565,0.09717881776992565,0.09717881776992565,0.5269934739237273,0.0875007375826355,0.0875007375826355,0.0875007375826355,0.0875007375826355,0.0875007375826355,0.0875007375826355,0.0875007375826355,0.5269934739237273,0.5269934739237273,0.0875007375826355,0.0875007375826355
SSE,46.69494862530003,50.41710364922132,50.41710364922132,50.41710364922132,50.41710364922132,50.41710364922132,48.766704704495695,48.766704704495695,48.766704704495695,48.766704704495695,48.766704704495695,46.69494862530003,48.766704704495695,48.766704704495695,54.864831138738815,54.864831138738815,54.864831138738815,54.864831138738815,54.864831138738815,54.864831138738815,54.864831138738815,50.41710364922132,46.69494862530003,50.41710364922132,50.41710364922132,50.41710364922132,50.41710364922132,50.41710364922132,50.41710364922132,48.766704704495695,48.766704704495695,48.766704704495695,48.766704704495695,46.69494862530003,48.766704704495695,48.766704704495695,48.766704704495695,54.864831138738815,54.864831138738815,54.864831138738815,54.864831138738815,54.864831138738815,54.864831138738815,54.864831138738815,46.69494862530003,50.41710364922132,50.41710364922132,50.41710364922132,50.41710364922132,50.41710364922132,50.41710364922132,50.41710364922132,46.69494862530003,46.69494862530003,50.41710364922132,50.41710364922132
RS,0.36350131639703953,0.15178149733947172,0.15178149733947172,0.15178149733947172,0.15178149733947172,0.15178149733947172,0.22561029314492692,0.22561029314492692,0.22561029314492692,0.22561029314492692,0.22561029314492692,0.36350131639703953,0.22561029314492692,0.22561029314492692,0.048253751134897674,0.048253751134897674,0.048253751134897674,0.048253751134897674,0.048253751134897674,0.048253751134897674,0.048253751134897674,0.15178149733947172,0.36350131639703953,0.15178149733947172,0.15178149733947172,0.15178149733947172,0.15178149733947172,0.15178149733947172,0.15178149733947172,0.22561029314492692,0.22561029314492692,0.22561029314492692,0.22561029314492692,0.36350131639703953,0.22561029314492692,0.22561029314492692,0.22561029314492692,0.048253751134897674,0.048253751134897674,0.048253751134897674,0.048253751134897674,0.048253751134897674,0.048253751134897674,0.048253751134897674,0.36350131639703953,0.15178149733947172,0.15178149733947172,0.15178149733947172,0.15178149733947172,0.15178149733947172,0.15178149733947172,0.15178149733947172,0.36350131639703953,0.36350131639703953,0.15178149733947172,0.15178149733947172
DH,0.13754606129218439,0.3390427880639705,0.3390427880639705,0.3390427880639705,0.3390427880639705,0.3390427880639705,0.26878878072426,0.26878878072426,0.26878878072426,0.26878878072426,0.26878878072426,0.13754606129218439,0.26878878072426,0.26878878072426,0.37331107506932587,0.37331107506932587,0.37331107506932587,0.37331107506932587,0.37331107506932587,0.37331107506932587,0.37331107506932587,0.3390427880639705,0.13754606129218439,0.3390427880639705,0.3390427880639705,0.3390427880639705,0.3390427880639705,0.3390427880639705,0.3390427880639705,0.26878878072426,0.26878878072426,0.26878878072426,0.26878878072426,0.13754606129218439,0.26878878072426,0.26878878072426,0.26878878072426,0.37331107506932587,0.37331107506932587,0.37331107506932587,0.37331107506932587,0.37331107506932587,0.37331107506932587,0.37331107506932587,0.13754606129218439,0.3390427880639705,0.3390427880639705,0.3390427880639705,0.3390427880639705,0.3390427880639705,0.3390427880639705,0.3390427880639705,0.13754606129218439,0.13754606129218439,0.3390427880639705,0.3390427880639705
B,0.09422645017237395,0.11345119473692493,0.11345119473692493,0.11345119473692493,0.11345119473692493,0.11345119473692493,0.09878028289290676,0.09878028289290676,0.09878028289290676,0.09878028289290676,0.09878028289290676,0.09422645017237395,0.09878028289290676,0.09878028289290676,0.13053341886688913,0.13053341886688913,0.13053341886688913,0.13053341886688913,0.13053341886688913,0.13053341886688913,0.13053341886688913,0.11345119473692493,0.09422645017237395,0.11345119473692493,0.11345119473692493,0.11345119473692493,0.11345119473692493,0.11345119473692493,0.11345119473692493,0.09878028289290676,0.09878028289290676,0.09878028289290676,0.09878028289290676,0.09422645017237395,0.09878028289290676,0.09878028289290676,0.09878028289290676,0.13053341886688913,0.13053341886688913,0.13053341886688913,0.13053341886688913,0.13053341886688913,0.13053341886688913,0.13053341886688913,0.09422645017237395,0.11345119473692493,0.11345119473692493,0.11345119473692493,0.11345119473692493,0.11345119473692493,0.11345119473692493,0.11345119473692493,0.09422645017237395,0.09422645017237395,0.11345119473692493,0.11345119473692493
BH,15.564982875100009,25.20855182461066,25.20855182461066,25.20855182461066,25.20855182461066,25.20855182461066,24.38335235224785,24.38335235224785,24.38335235224785,24.38335235224785,24.38335235224785,15.564982875100009,24.38335235224785,24.38335235224785,27.432415569369404,27.432415569369404,27.432415569369404,27.432415569369404,27.432415569369404,27.432415569369404,27.432415569369404,25.20855182461066,15.564982875100009,25.20855182461066,25.20855182461066,25.20855182461066,25.20855182461066,25.20855182461066,25.20855182461066,24.38335235224785,24.38335235224785,24.38335235224785,24.38335235224785,15.564982875100009,24.38335235224785,24.38335235224785,24.38335235224785,27.432415569369404,27.432415569369404,27.432415569369404,27.432415569369404,27.432415569369404,27.432415569369404,27.432415569369404,15.564982875100009,25.20855182461066,25.20855182461066,25.20855182461066,25.20855182461066,25.20855182461066,25.20855182461066,25.20855182461066,15.564982875100009,15.564982875100009,25.20855182461066,25.20855182461066
D,0.3517823325613319,0.6621680140218609,0.6621680140218609,0.6621680140218609,0.6621680140218609,0.6621680140218609,0.8887588544822469,0.8887588544822469,0.8887588544822469,0.8887588544822469,0.8887588544822469,0.3517823325613319,0.8887588544822469,0.8887588544822469,0.627626026896274,0.627626026896274,0.627626026896274,0.627626026896274,0.627626026896274,0.627626026896274,0.627626026896274,0.6621680140218609,0.3517823325613319,0.6621680140218609,0.6621680140218609,0.6621680140218609,0.6621680140218609,0.6621680140218609,0.6621680140218609,0.8887588544822469,0.8887588544822469,0.8887588544822469,0.8887588544822469,0.3517823325613319,0.8887588544822469,0.8887588544822469,0.8887588544822469,0.627626026896274,0.627626026896274,0.627626026896274,0.627626026896274,0.627626026896274,0.627626026896274,0.627626026896274,0.3517823325613319,0.6621680140218609,0.6621680140218609,0.6621680140218609,0.6621680140218609,0.6621680140218609,0.6621680140218609,0.6621680140218609,0.3517823325613319,0.3517823325613319,0.6621680140218609,0.6621680140218609
H,0.288413460003027,0.15447133287480208,0.15447133287480208,0.15447133287480208,0.15447133287480208,0.15447133287480208,0.10290291295695374,0.10290291295695374,0.10290291295695374,0.10290291295695374,0.10290291295695374,0.288413460003027,0.10290291295695374,0.10290291295695374,0.18995079990129402,0.18995079990129402,0.18995079990129402,0.18995079990129402,0.18995079990129402,0.18995079990129402,0.18995079990129402,0.15447133287480208,0.288413460003027,0.15447133287480208,0.15447133287480208,0.15447133287480208,0.15447133287480208,0.15447133287480208,0.15447133287480208,0.10290291295695374,0.10290291295695374,0.10290291295695374,0.10290291295695374,0.288413460003027,0.10290291295695374,0.10290291295695374,0.10290291295695374,0.18995079990129402,0.18995079990129402,0.18995079990129402,0.18995079990129402,0.18995079990129402,0.18995079990129402,0.18995079990129402,0.288413460003027,0.15447133287480208,0.15447133287480208,0.15447133287480208,0.15447133287480208,0.15447133287480208,0.15447133287480208,0.15447133287480208,0.288413460003027,0.288413460003027,0.15447133287480208,0.15447133287480208
DBCV,0.8687843093074371,0.8164686925088388,0.8164686925088388,0.8164686925088388,0.8164686925088388,0.8164686925088388,0.7511477077633714,0.7511477077633714,0.7511477077633714,0.7511477077633714,0.7511477077633714,0.8687843093074371,0.7511477077633714,0.7511477077633714,0.814900393658805,0.814900393658805,0.814900393658805,0.814900393658805,0.814900393658805,0.814900393658805,0.814900393658805,0.8164686925088388,0.8687843093074371,0.8164686925088388,0.8164686925088388,0.8164686925088388,0.8164686925088388,0.8164686925088388,0.8164686925088388,0.7511477077633714,0.7511477077633714,0.7511477077633714,0.7511477077633714,0.8687843093074371,0.7511477077633714,0.7511477077633714,0.7511477077633714,0.814900393658805,0.814900393658805,0.814900393658805,0.814900393658805,0.814900393658805,0.814900393658805,0.814900393658805,0.8687843093074371,0.8164686925088388,0.8164686925088388,0.8164686925088388,0.8164686925088388,0.8164686925088388,0.8164686925088388,0.8164686925088388,0.8687843093074371,0.8687843093074371,0.8164686925088388,0.8164686925088388
I,0.9304391353131646,1.6110983185880432,1.6110983185880432,1.6110983185880432,1.6110983185880432,1.6110983185880432,1.2448998371379139,1.2448998371379139,1.2448998371379139,1.2448998371379139,1.2448998371379139,0.9304391353131646,1.2448998371379139,1.2448998371379139,1.5717357723720902,1.5717357723720902,1.5717357723720902,1.5717357723720902,1.5717357723720902,1.5717357723720902,1.5717357723720902,1.6110983185880432,0.9304391353131646,1.6110983185880432,1.6110983185880432,1.6110983185880432,1.6110983185880432,1.6110983185880432,1.6110983185880432,1.2448998371379139,1.2448998371379139,1.2448998371379139,1.2448998371379139,0.9304391353131646,1.2448998371379139,1.2448998371379139,1.2448998371379139,1.5717357723720902,1.5717357723720902,1.5717357723720902,1.5717357723720902,1.5717357723720902,1.5717357723720902,1.5717357723720902,0.9304391353131646,1.6110983185880432,1.6110983185880432,1.6110983185880432,1.6110983185880432,1.6110983185880432,1.6110983185880432,1.6110983185880432,0.9304391353131646,0.9304391353131646,1.6110983185880432,1.6110983185880432
C,0.01567632750187929,0.0059609719531394075,0.0059609719531394075,0.0059609719531394075,0.0059609719531394075,0.0059609719531394075,0.009855500428791478,0.009855500428791478,0.009855500428791478,0.009855500428791478,0.009855500428791478,0.01567632750187929,0.009855500428791478,0.009855500428791478,0.006026301543473633,0.006026301543473633,0.006026301543473633,0.006026301543473633,0.006026301543473633,0.006026301543473633,0.006026301543473633,0.0059609719531394075,0.01567632750187929,0.0059609719531394075,0.0059609719531394075,0.0059609719531394075,0.0059609719531394075,0.0059609719531394075,0.0059609719531394075,0.009855500428791478,0.009855500428791478,0.009855500428791478,0.009855500428791478,0.01567632750187929,0.009855500428791478,0.009855500428791478,0.009855500428791478,0.006026301543473633,0.006026301543473633,0.006026301543473633,0.006026301543473633,0.006026301543473633,0.006026301543473633,0.006026301543473633,0.01567632750187929,0.0059609719531394075,0.0059609719531394075,0.0059609719531394075,0.0059609719531394075,0.0059609719531394075,0.0059609719531394075,0.0059609719531394075,0.01567632750187929,0.01567632750187929,0.0059609719531394075,0.0059609719531394075
VIASCKDE,0.17862918920697554,0.16926142367110816,0.16926142367110816,0.16926142367110816,0.16926142367110816,0.16926142367110816,0.1747306700567567,0.1747306700567567,0.1747306700567567,0.1747306700567567,0.1747306700567567,0.17862918920697554,0.1747306700567567,0.1747306700567567,0.16455971767628205,0.16455971767628205,0.16455971767628205,0.16455971767628205,0.16455971767628205,0.16455971767628205,0.16455971767628205,0.16926142367110816,0.17862918920697554,0.16926142367110816,0.16926142367110816,0.16926142367110816,0.16926142367110816,0.16926142367110816,0.16926142367110816,0.1747306700567567,0.1747306700567567,0.1747306700567567,0.1747306700567567,0.17862918920697554,0.1747306700567567,0.1747306700567567,0.1747306700567567,0.16455971767628205,0.16455971767628205,0.16455971767628205,0.16455971767628205,0.16455971767628205,0.16455971767628205,0.16455971767628205,0.17862918920697554,0.16926142367110816,0.16926142367110816,0.16926142367110816,0.16926142367110816,0.16926142367110816,0.16926142367110816,0.16926142367110816,0.17862918920697554,0.17862918920697554,0.16926142367110816,0.16926142367110816
COP,0.32117890999114385,0.2943192058818261,0.2943192058818261,0.2943192058818261,0.2943192058818261,0.2943192058818261,0.27133617543791233,0.27133617543791233,0.27133617543791233,0.27133617543791233,0.27133617543791233,0.32117890999114385,0.27133617543791233,0.27133617543791233,0.29896917222856734,0.29896917222856734,0.29896917222856734,0.29896917222856734,0.29896917222856734,0.29896917222856734,0.29896917222856734,0.2943192058818261,0.32117890999114385,0.2943192058818261,0.2943192058818261,0.2943192058818261,0.2943192058818261,0.2943192058818261,0.2943192058818261,0.27133617543791233,0.27133617543791233,0.27133617543791233,0.27133617543791233,0.32117890999114385,0.27133617543791233,0.27133617543791233,0.27133617543791233,0.29896917222856734,0.29896917222856734,0.29896917222856734,0.29896917222856734,0.29896917222856734,0.29896917222856734,0.29896917222856734,0.32117890999114385,0.2943192058818261,0.2943192058818261,0.2943192058818261,0.2943192058818261,0.2943192058818261,0.2943192058818261,0.2943192058818261,0.32117890999114385,0.32117890999114385,0.2943192058818261,0.2943192058818261
Sym,0.021528133354895288,0.027321296014487725,0.027321296014487725,0.027321296014487725,0.027321296014487725,0.027321296014487725,0.028751900003028394,0.028751900003028394,0.028751900003028394,0.028751900003028394,0.028751900003028394,0.021528133354895288,0.028751900003028394,0.028751900003028394,0.02387596312254354,0.02387596312254354,0.02387596312254354,0.02387596312254354,0.02387596312254354,0.02387596312254354,0.02387596312254354,0.027321296014487725,0.021528133354895288,0.027321296014487725,0.027321296014487725,0.027321296014487725,0.027321296014487725,0.027321296014487725,0.027321296014487725,0.028751900003028394,0.028751900003028394,0.028751900003028394,0.028751900003028394,0.021528133354895288,0.028751900003028394,0.028751900003028394,0.028751900003028394,0.02387596312254354,0.02387596312254354,0.02387596312254354,0.02387596312254354,0.02387596312254354,0.02387596312254354,0.02387596312254354,0.021528133354895288,0.027321296014487725,0.027321296014487725,0.027321296014487725,0.027321296014487725,0.027321296014487725,0.027321296014487725,0.027321296014487725,0.021528133354895288,0.021528133354895288,0.027321296014487725,0.027321296014487725
CS,0.7359259565276025,0.7598477343922561,0.7598477343922561,0.7598477343922561,0.7598477343922561,0.7598477343922561,0.5715847544466706,0.5715847544466706,0.5715847544466706,0.5715847544466706,0.5715847544466706,0.7359259565276025,0.5715847544466706,0.5715847544466706,0.793443613528976,0.793443613528976,0.793443613528976,0.793443613528976,0.793443613528976,0.793443613528976,0.793443613528976,0.7598477343922561,0.7359259565276025,0.7598477343922561,0.7598477343922561,0.7598477343922561,0.7598477343922561,0.7598477343922561,0.7598477343922561,0.5715847544466706,0.5715847544466706,0.5715847544466706,0.5715847544466706,0.7359259565276025,0.5715847544466706,0.5715847544466706,0.5715847544466706,0.793443613528976,0.793443613528976,0.793443613528976,0.793443613528976,0.793443613528976,0.793443613528976,0.793443613528976,0.7359259565276025,0.7598477343922561,0.7598477343922561,0.7598477343922561,0.7598477343922561,0.7598477343922561,0.7598477343922561,0.7598477343922561,0.7359259565276025,0.7359259565276025,0.7598477343922561,0.7598477343922561
SF,0.3527222066032205,0.3669108892520143,0.3669108892520143,0.3669108892520143,0.3669108892520143,0.3669108892520143,0.40435508974439804,0.40435508974439804,0.40435508974439804,0.40435508974439804,0.40435508974439804,0.3527222066032205,0.40435508974439804,0.40435508974439804,0.3443298167421144,0.3443298167421144,0.3443298167421144,0.3443298167421144,0.3443298167421144,0.3443298167421144,0.3443298167421144,0.3669108892520143,0.3527222066032205,0.3669108892520143,0.3669108892520143,0.3669108892520143,0.3669108892520143,0.3669108892520143,0.3669108892520143,0.40435508974439804,0.40435508974439804,0.40435508974439804,0.40435508974439804,0.3527222066032205,0.40435508974439804,0.40435508974439804,0.40435508974439804,0.3443298167421144,0.3443298167421144,0.3443298167421144,0.3443298167421144,0.3443298167421144,0.3443298167421144,0.3443298167421144,0.3527222066032205,0.3669108892520143,0.3669108892520143,0.3669108892520143,0.3669108892520143,0.3669108892520143,0.3669108892520143,0.3669108892520143,0.3527222066032205,0.3527222066032205,0.3669108892520143,0.3669108892520143
SD,1894.7435322832673,3946.2256937349434,3946.2256937349434,3946.2256937349434,3946.2256937349434,3946.2256937349434,4663.843778465444,4663.843778465444,4663.843778465444,4663.843778465444,4663.843778465444,1894.7435322832673,4663.843778465444,4663.843778465444,3839.0765259971467,3839.0765259971467,3839.0765259971467,3839.0765259971467,3839.0765259971467,3839.0765259971467,3839.0765259971467,3946.2256937349434,1894.7435322832673,3946.2256937349434,3946.2256937349434,3946.2256937349434,3946.2256937349434,3946.2256937349434,3946.2256937349434,4663.843778465444,4663.843778465444,4663.843778465444,4663.843778465444,1894.7435322832673,4663.843778465444,4663.843778465444,4663.843778465444,3839.0765259971467,3839.0765259971467,3839.0765259971467,3839.0765259971467,3839.0765259971467,3839.0765259971467,3839.0765259971467,1894.7435322832673,3946.2256937349434,3946.2256937349434,3946.2256937349434,3946.2256937349434,3946.2256937349434,3946.2256937349434,3946.2256937349434,1894.7435322832673,1894.7435322832673,3946.2256937349434,3946.2256937349434
SDbw,0.3595934439578852,0.4548714020190834,0.4548714020190834,0.4548714020190834,0.4548714020190834,0.4548714020190834,0.40356291726765164,0.40356291726765164,0.40356291726765164,0.40356291726765164,0.40356291726765164,0.3595934439578852,0.40356291726765164,0.40356291726765164,0.48485191935115546,0.48485191935115546,0.48485191935115546,0.48485191935115546,0.48485191935115546,0.48485191935115546,0.48485191935115546,0.4548714020190834,0.3595934439578852,0.4548714020190834,0.4548714020190834,0.4548714020190834,0.4548714020190834,0.4548714020190834,0.4548714020190834,0.40356291726765164,0.40356291726765164,0.40356291726765164,0.40356291726765164,0.3595934439578852,0.40356291726765164,0.40356291726765164,0.40356291726765164,0.48485191935115546,0.48485191935115546,0.48485191935115546,0.48485191935115546,0.48485191935115546,0.48485191935115546,0.48485191935115546,0.3595934439578852,0.4548714020190834,0.4548714020190834,0.4548714020190834,0.4548714020190834,0.4548714020190834,0.4548714020190834,0.4548714020190834,0.3595934439578852,0.3595934439578852,0.4548714020190834,0.4548714020190834
XB*,0.5821807792246972,0.0887693250635211,0.0887693250635211,0.0887693250635211,0.0887693250635211,0.0887693250635211,0.0908026212143062,0.0908026212143062,0.0908026212143062,0.0908026212143062,0.0908026212143062,0.5821807792246972,0.0908026212143062,0.0908026212143062,0.11612680473124729,0.11612680473124729,0.11612680473124729,0.11612680473124729,0.11612680473124729,0.11612680473124729,0.11612680473124729,0.0887693250635211,0.5821807792246972,0.0887693250635211,0.0887693250635211,0.0887693250635211,0.0887693250635211,0.0887693250635211,0.0887693250635211,0.0908026212143062,0.0908026212143062,0.0908026212143062,0.0908026212143062,0.5821807792246972,0.0908026212143062,0.0908026212143062,0.0908026212143062,0.11612680473124729,0.11612680473124729,0.11612680473124729,0.11612680473124729,0.11612680473124729,0.11612680473124729,0.11612680473124729,0.5821807792246972,0.0887693250635211,0.0887693250635211,0.0887693250635211,0.0887693250635211,0.0887693250635211,0.0887693250635211,0.0887693250635211,0.5821807792246972,0.5821807792246972,0.0887693250635211,0.0887693250635211
S,0.6289550437139986,0.6440789114630833,0.6440789114630833,0.6440789114630833,0.6440789114630833,0.6440789114630833,0.637551329183406,0.637551329183406,0.637551329183406,0.637551329183406,0.637551329183406,0.6289550437139986,0.637551329183406,0.637551329183406,0.6311141835598613,0.6311141835598613,0.6311141835598613,0.6311141835598613,0.6311141835598613,0.6311141835598613,0.6311141835598613,0.6440789114630833,0.6289550437139986,0.6440789114630833,0.6440789114630833,0.6440789114630833,0.6440789114630833,0.6440789114630833,0.6440789114630833,0.637551329183406,0.637551329183406,0.637551329183406,0.637551329183406,0.6289550437139986,0.637551329183406,0.637551329183406,0.637551329183406,0.6311141835598613,0.6311141835598613,0.6311141835598613,0.6311141835598613,0.6311141835598613,0.6311141835598613,0.6311141835598613,0.6289550437139986,0.6440789114630833,0.6440789114630833,0.6440789114630833,0.6440789114630833,0.6440789114630833,0.6440789114630833,0.6440789114630833,0.6289550437139986,0.6289550437139986,0.6440789114630833,0.6440789114630833
DB,0.5712277379633853,0.5311003317886027,0.5311003317886027,0.5311003317886027,0.5311003317886027,0.5311003317886027,0.4090489291845831,0.4090489291845831,0.4090489291845831,0.4090489291845831,0.4090489291845831,0.5712277379633853,0.4090489291845831,0.4090489291845831,0.596448580032597,0.596448580032597,0.596448580032597,0.596448580032597,0.596448580032597,0.596448580032597,0.596448580032597,0.5311003317886027,0.5712277379633853,0.5311003317886027,0.5311003317886027,0.5311003317886027,0.5311003317886027,0.5311003317886027,0.5311003317886027,0.4090489291845831,0.4090489291845831,0.4090489291845831,0.4090489291845831,0.5712277379633853,0.4090489291845831,0.4090489291845831,0.4090489291845831,0.596448580032597,0.596448580032597,0.596448580032597,0.596448580032597,0.596448580032597,0.596448580032597,0.596448580032597,0.5712277379633853,0.5311003317886027,0.5311003317886027,0.5311003317886027,0.5311003317886027,0.5311003317886027,0.5311003317886027,0.5311003317886027,0.5712277379633853,0.5712277379633853,0.5311003317886027,0.5311003317886027
CH,123.69551113975895,217.30634313985325,217.30634313985325,217.30634313985325,217.30634313985325,217.30634313985325,107.28334459866883,107.28334459866883,107.28334459866883,107.28334459866883,107.28334459866883,123.69551113975895,107.28334459866883,107.28334459866883,226.35883472771454,226.35883472771454,226.35883472771454,226.35883472771454,226.35883472771454,226.35883472771454,226.35883472771454,217.30634313985325,123.69551113975895,217.30634313985325,217.30634313985325,217.30634313985325,217.30634313985325,217.30634313985325,217.30634313985325,107.28334459866883,107.28334459866883,107.28334459866883,107.28334459866883,123.69551113975895,107.28334459866883,107.28334459866883,107.28334459866883,226.35883472771454,226.35883472771454,226.35883472771454,226.35883472771454,226.35883472771454,226.35883472771454,226.35883472771454,123.69551113975895,217.30634313985325,217.30634313985325,217.30634313985325,217.30634313985325,217.30634313985325,217.30634313985325,217.30634313985325,123.69551113975895,123.69551113975895,217.30634313985325,217.30634313985325
AD-S,0.7349415488232204,0.587932356195047,0.587932356195047,0.587932356195047,0.587932356195047,0.587932356195047,0.6140632777429023,0.6140632777429023,0.6140632777429023,0.6140632777429023,0.6140632777429023,0.7349415488232204,0.6140632777429023,0.6140632777429023,0.5470672538724944,0.5470672538724944,0.5470672538724944,0.5470672538724944,0.5470672538724944,0.5470672538724944,0.5470672538724944,0.587932356195047,0.7349415488232204,0.587932356195047,0.587932356195047,0.587932356195047,0.587932356195047,0.587932356195047,0.587932356195047,0.6140632777429023,0.6140632777429023,0.6140632777429023,0.6140632777429023,0.7349415488232204,0.6140632777429023,0.6140632777429023,0.6140632777429023,0.5470672538724944,0.5470672538724944,0.5470672538724944,0.5470672538724944,0.5470672538724944,0.5470672538724944,0.5470672538724944,0.7349415488232204,0.587932356195047,0.587932356195047,0.587932356195047,0.587932356195047,0.587932356195047,0.587932356195047,0.587932356195047,0.7349415488232204,0.7349415488232204,0.587932356195047,0.587932356195047
AD-DB,0.6873863416174674,0.9035421190873864,0.9035421190873864,0.9035421190873864,0.9035421190873864,0.9035421190873864,0.700496913751202,0.700496913751202,0.700496913751202,0.700496913751202,0.700496913751202,0.6873863416174674,0.700496913751202,0.700496913751202,1.02143791220791,1.02143791220791,1.02143791220791,1.02143791220791,1.02143791220791,1.02143791220791,1.02143791220791,0.9035421190873864,0.6873863416174674,0.9035421190873864,0.9035421190873864,0.9035421190873864,0.9035421190873864,0.9035421190873864,0.9035421190873864,0.700496913751202,0.700496913751202,0.700496913751202,0.700496913751202,0.6873863416174674,0.700496913751202,0.700496913751202,0.700496913751202,1.02143791220791,1.02143791220791,1.02143791220791,1.02143791220791,1.02143791220791,1.02143791220791,1.02143791220791,0.6873863416174674,0.9035421190873864,0.9035421190873864,0.9035421190873864,0.9035421190873864,0.9035421190873864,0.9035421190873864,0.9035421190873864,0.6873863416174674,0.6873863416174674,0.9035421190873864,0.9035421190873864
AD-CH,139.02402598265598,233.0015036626562,233.0015036626562,233.0015036626562,233.0015036626562,233.0015036626562,174.41427859676165,174.41427859676165,174.41427859676165,174.41427859676165,174.41427859676165,139.02402598265598,174.41427859676165,174.41427859676165,233.19707927821733,233.19707927821733,233.19707927821733,233.19707927821733,233.19707927821733,233.19707927821733,233.19707927821733,233.0015036626562,139.02402598265598,233.0015036626562,233.0015036626562,233.0015036626562,233.0015036626562,233.0015036626562,233.0015036626562,174.41427859676165,174.41427859676165,174.41427859676165,174.41427859676165,139.02402598265598,174.41427859676165,174.41427859676165,174.41427859676165,233.19707927821733,233.19707927821733,233.19707927821733,233.19707927821733,233.19707927821733,233.19707927821733,233.19707927821733,139.02402598265598,233.0015036626562,233.0015036626562,233.0015036626562,233.0015036626562,233.0015036626562,233.0015036626562,233.0015036626562,139.02402598265598,139.02402598265598,233.0015036626562,233.0015036626562
AD-idea,24.92339227452751,4.954647205503804,4.954647205503804,4.954647205503804,4.954647205503804,4.954647205503804,8.261988758169734,8.261988758169734,8.261988758169734,8.261988758169734,8.261988758169734,24.92339227452751,8.261988758169734,8.261988758169734,3.9334404820731788,3.9334404820731788,3.9334404820731788,3.9334404820731788,3.9334404820731788,3.9334404820731788,3.9334404820731788,4.954647205503804,24.92339227452751,4.954647205503804,4.954647205503804,4.954647205503804,4.954647205503804,4.954647205503804,4.954647205503804,8.261988758169734,8.261988758169734,8.261988758169734,8.261988758169734,24.92339227452751,8.261988758169734,8.261988758169734,8.261988758169734,3.9334404820731788,3.9334404820731788,3.9334404820731788,3.9334404820731788,3.9334404820731788,3.9334404820731788,3.9334404820731788,24.92339227452751,4.954647205503804,4.954647205503804,4.954647205503804,4.954647205503804,4.954647205503804,4.954647205503804,4.954647205503804,24.92339227452751,24.92339227452751,4.954647205503804,4.954647205503804
