,labels_sonar_MeanShift_params1,labels_sonar_MeanShift_params11,labels_sonar_MeanShift_params13,labels_sonar_MeanShift_params15,labels_sonar_MeanShift_params17,labels_sonar_MeanShift_params19,labels_sonar_MeanShift_params2,labels_sonar_MeanShift_params21,labels_sonar_MeanShift_params23,labels_sonar_MeanShift_params25,labels_sonar_MeanShift_params3,labels_sonar_MeanShift_params4,labels_sonar_MeanShift_params5,labels_sonar_MeanShift_params7,labels_sonar_MeanShift_params8,labels_sonar_MeanShift_params9
cSIL,0.8457339113605169,0.7439685644564391,0.7052105710104787,0.7301503153113444,0.7147680990037953,0.777762609915091,0.8385480923601512,0.7303647666063914,0.739744183253686,0.7740596586820726,0.7460920329255244,0.8349266603166973,0.7052105710104787,0.7160761282491316,0.8349266603166973,0.7052105710104787
GD43,0.13148445334358844,0.14512377867767345,0.11731479066539521,0.12350857005173535,0.13776287132955906,0.21052409010242434,0.1364647050465735,0.12343267761288958,0.19338116287916152,0.2312818157431288,0.13565860833809687,0.1914557577555635,0.11731479066539521,0.11656689488436008,0.1914557577555635,0.11731479066539521
GD53,0.0,0.0,0.0,0.0,0.0,0.0,0.0,0.0,0.2172559392450895,0.2170671563843405,0.0,0.0,0.0,0.0,0.0,0.0
PS,-22.082307180101534,-3.6876863258452026,-6.406373191756267,-2.411141437162023,-1.5522232421740556,-0.04654163537124617,-20.86787979247951,-2.420534356067937,0.5619794594224946,0.8031810254158922,-7.847398990535978,-11.480300868378286,-6.406373191756267,-5.740202866546857,-11.480300868378286,-6.406373191756267
rCIP,1.8023556625468288e-27,3.300395236791723e-29,1.5275297836214259e-28,2.8519252605018756e-29,1.7594426412627908e-29,1.6464464763200247e-30,1.6729417951734882e-27,2.9581711181838693e-29,5.208476275015031e-31,8.577877137311782e-32,2.1883917758128254e-28,3.9964895868939187e-28,1.5275297836214259e-28,1.3070122435749575e-28,3.9964895868939187e-28,1.5275297836214259e-28
WB,31.237793476324953,27.928371114598676,33.21832546824847,27.95213033039778,26.292801777878537,30.714507773473244,30.987079223583926,28.801972859135823,34.11262552433573,93.2768602900928,32.98127516289115,31.507525752980744,33.21832546824847,32.6442812380048,31.507525752980744,33.21832546824847
XB,1.7642658580056354,1.3741128523121438,2.127404342693605,1.8744507242607171,1.5019325538781918,0.56161143841496,1.6500735798942519,1.863229036144294,0.6070359869966488,0.4585750649608729,1.2376638499136323,0.885125395144591,2.127404342693605,2.158290268801421,0.885125395144591,2.127404342693605
SSE,837.9945725900599,1505.580034934355,1423.8208312054526,1585.3260192273199,1650.3411623235415,1800.7179071972737,855.2593303688803,1597.747927791301,1926.5758531837932,2085.4118356389663,1291.1968815840992,1067.895952868021,1423.8208312054526,1444.4920426441306,1067.895952868021,1423.8208312054526
RS,-4.91235382079504,-2.810364486099985,-4.260342775646208,-2.4384973417771865,-2.5001275463227213,-1.8747570293244198,-5.04191644554887,-2.443754024816068,-1.5098079610501491,-0.6129136417826304,-5.142693170646919,-4.435961111804775,-4.260342775646208,-3.9210874309518267,-4.435961111804775,-4.260342775646208
DH,0.0033336519987170383,0.028302384298958285,0.020143443822088807,0.036510317933659775,0.05606577701942301,0.07817845792588277,0.0036892367670337007,0.03650260446326433,0.15170819714816067,0.192063581651001,0.014296883228931178,0.006516373765505184,0.020143443822088807,0.021012199717865585,0.006516373765505184,0.020143443822088807
B,0.3684778544422732,0.4461515577489721,0.48735074549617396,0.47426776395406384,0.4526476177427422,0.4806357092035373,0.37502244062051193,0.47794327597680103,0.4927429767885937,0.4627970436545487,0.4804181267590846,0.42140689923201435,0.48735074549617396,0.483020531350281,0.42140689923201435,0.48735074549617396
BH,17.10193005285836,125.46500291119624,83.75416654149721,158.532601922732,206.2926452904427,300.11965119954556,18.197007029125107,159.7747927791301,481.6439632959482,695.1372785463219,58.69076734473179,33.371748527125646,83.75416654149721,90.28075266525815,33.371748527125646,83.75416654149721
D,0.2920785077655957,0.36220021039620726,0.19818747525868965,0.31080996577796066,0.34658373619709604,0.5180281015608141,0.2920785077655957,0.31711893531221413,0.5687574706126637,0.5589488626874576,0.20953915968543457,0.4518918783885452,0.19818747525868965,0.19818747525868965,0.4518918783885452,0.19818747525868965
H,6.916381578617548,2.8952404575913433,4.898866574225855,2.416805893348979,2.2645916993312385,1.260776279350928,6.990913181956357,2.4201461500393764,1.007868192480086,0.5390944839020028,5.352239565793765,4.565049179645202,4.898866574225855,4.351226659222915,4.565049179645202,4.898866574225855
DBCV,-0.0016394119829522755,-0.6180114303494137,-0.4248934867252357,-0.6626663649077289,-0.6855520537177135,-0.20940558038488444,-0.0007084705483694834,-0.6609604718425964,0.06267089464845524,0.3659418797629975,0.12779615326720342,-0.22432672339709717,-0.4248934867252357,-0.45424414195404067,-0.22432672339709717,-0.4248934867252357
I,0.08409399716601192,0.5221485215137023,0.27654109156819023,0.633888529741218,0.9280937574224831,1.269543506402286,0.08837374736431991,0.6295247454938908,2.122518894833555,3.5110581802461347,0.18710117195385953,0.11519711530117645,0.27654109156819023,0.3075626891984442,0.11519711530117645,0.27654109156819023
C,0.10180417975193325,0.11177829987245803,0.11326651573221808,0.12002367722394851,0.11560196343950749,0.11865558328048999,0.10237713509131707,0.12391730478694249,0.12134414545384621,0.18143070105114764,0.09782273986426475,0.08972866171987724,0.11326651573221808,0.11502409124261134,0.08972866171987724,0.11326651573221808
VIASCKDE,,,,,,,,,,,,,,,,
COP,,0.5093234039243938,0.5106128305244011,0.5216798227893651,0.5302064904452665,0.5238326417643151,,0.5229256094693527,0.5133663543381302,0.5303735802672245,0.5148360079361095,,0.5106128305244011,0.5133245942154869,,0.5106128305244011
Sym,0.0002086701616453406,0.00044278389463957627,0.00033169822852680973,0.0004817775333305996,0.0005748280684923489,0.0006572303363815846,0.0002131152796936248,0.0004790078991067817,0.0008210787130957643,0.0010208890790068322,0.00028206671499125525,0.00022732038917115723,0.00033169822852680973,0.0003463108713125852,0.00022732038917115723,0.00033169822852680973
CS,0.4556469457488043,0.7681497637950502,0.8885562063494844,0.779027742566549,0.9753414425617298,0.8272395945822728,0.4792007067263415,0.7808633521158362,1.0146222751656886,0.852562519018171,0.7744990970037855,0.49917600173794785,0.8885562063494844,0.8434463900598205,0.49917600173794785,0.8885562063494844
SF,1.9984014443252818e-15,1.1647064646069794e-07,4.995204250235474e-11,8.065761072373334e-07,7.673367169447332e-07,3.021006134795723e-05,1.3322676295501878e-15,7.952716712944508e-07,0.0002281662940998297,0.0038783243662493527,6.803446694902959e-13,1.6404655411861313e-12,4.995204250235474e-11,3.403304305038546e-10,1.6404655411861313e-12,4.995204250235474e-11
SD,2.400220370640983,2.929716837030969,3.4041214559983257,3.2787498788824436,3.982216425274826,3.9031604145370253,2.376486631297391,3.28812566854966,4.985920866991903,4.319645062807131,2.9074805559914365,1.916504939631333,3.4041214559983257,3.330844257078704,1.916504939631333,3.4041214559983257
SDbw,inf,inf,inf,inf,inf,inf,inf,inf,inf,inf,inf,inf,inf,inf,inf,inf
XB*,2.5164521610515465,1.5011440571003007,2.375998987516611,2.007623628872743,1.5790934611417946,0.6049159048206705,2.32104775417203,1.9950349666590381,0.6619141527027106,0.4623485337705235,1.6457332102065365,1.084354211335466,2.375998987516611,2.3912434496794783,1.084354211335466,2.375998987516611
S,0.03642588753037792,0.08580163169697466,0.05049105650826057,0.09615624219571996,0.13410051970168757,0.1620049384708035,0.03647159171410289,0.09424308891409093,0.2144182726989238,0.2096513783298493,0.05675526434493494,0.049386828028851665,0.05049105650826057,0.04970075120644589,0.049386828028851665,0.05049105650826057
DB,0.9358110718275141,1.2253279344246784,1.4266849729839706,1.2623028472846562,1.3446069421214155,1.1239384870940434,0.9568156673761509,1.263295011405864,1.2402697099996973,1.0078690804422574,1.2551810521807654,0.987244668951424,1.4266849729839706,1.3751825946910863,0.987244668951424,1.4266849729839706
CH,5.196029614672248,7.655948889422165,6.109203192496158,7.8705986770801255,8.693308172419162,7.892035965145762,5.3086642601281655,7.638365645158132,7.9735873688748145,3.2966375480871593,5.9081142828700015,5.766159513101446,6.109203192496158,6.273686913393265,5.766159513101446,6.109203192496158
AD-S,0.27392750281791095,0.24680899404376686,0.14976421040303387,0.22659577688164914,0.21764296089957128,0.20016268899092987,0.2788776143834558,0.22640426141229422,0.2837609264096459,0.24128888529985204,0.2787273590659106,0.24434895467994827,0.14976421040303387,0.14439439817601313,0.24434895467994827,0.14976421040303387
AD-DB,0.9819924725005446,1.2217790195236902,1.3741211935235678,1.2204232933399466,1.3206101560766825,1.30977737077173,0.9961512948361596,1.2181196519790995,1.2041075926665303,1.1621155840406778,1.1650442935962337,1.102319212626489,1.3741211935235678,1.411442679004323,1.102319212626489,1.3741211935235678
AD-CH,5.0648086918259985,19.192974137370296,13.297954339891028,23.008164829517163,28.935139766804475,39.50236846334908,5.265412924909077,22.97017496586005,64.6440990304897,2.0994053795304053,10.587979681233165,7.489145608413282,13.297954339891028,14.094867851314167,7.489145608413282,13.297954339891028
AD-idea,0.23434482098474416,2.529700960086319,0.10527630584676893,1.4942442018250788,0.8723898212208318,0.6327984179809656,0.348309689586841,1.4807605614275114,1.2489487387250566,0.9789462085633748,0.4816000040528312,2.2630772227313827,0.10527630584676893,0.20517646759550973,2.2630772227313827,0.10527630584676893
