,labels_target_SpectralClustering_params1,labels_target_SpectralClustering_params10,labels_target_SpectralClustering_params11,labels_target_SpectralClustering_params12,labels_target_SpectralClustering_params13,labels_target_SpectralClustering_params14,labels_target_SpectralClustering_params15,labels_target_SpectralClustering_params16,labels_target_SpectralClustering_params17,labels_target_SpectralClustering_params18,labels_target_SpectralClustering_params19,labels_target_SpectralClustering_params2,labels_target_SpectralClustering_params20,labels_target_SpectralClustering_params21,labels_target_SpectralClustering_params22,labels_target_SpectralClustering_params23,labels_target_SpectralClustering_params24,labels_target_SpectralClustering_params25,labels_target_SpectralClustering_params26,labels_target_SpectralClustering_params27,labels_target_SpectralClustering_params28,labels_target_SpectralClustering_params29,labels_target_SpectralClustering_params3,labels_target_SpectralClustering_params30,labels_target_SpectralClustering_params31,labels_target_SpectralClustering_params32,labels_target_SpectralClustering_params33,labels_target_SpectralClustering_params34,labels_target_SpectralClustering_params35,labels_target_SpectralClustering_params36,labels_target_SpectralClustering_params37,labels_target_SpectralClustering_params38,labels_target_SpectralClustering_params39,labels_target_SpectralClustering_params4,labels_target_SpectralClustering_params40,labels_target_SpectralClustering_params41,labels_target_SpectralClustering_params42,labels_target_SpectralClustering_params43,labels_target_SpectralClustering_params44,labels_target_SpectralClustering_params45,labels_target_SpectralClustering_params46,labels_target_SpectralClustering_params47,labels_target_SpectralClustering_params48,labels_target_SpectralClustering_params49,labels_target_SpectralClustering_params5,labels_target_SpectralClustering_params50,labels_target_SpectralClustering_params51,labels_target_SpectralClustering_params52,labels_target_SpectralClustering_params53,labels_target_SpectralClustering_params54,labels_target_SpectralClustering_params55,labels_target_SpectralClustering_params56,labels_target_SpectralClustering_params57,labels_target_SpectralClustering_params58,labels_target_SpectralClustering_params59,labels_target_SpectralClustering_params6,labels_target_SpectralClustering_params60,labels_target_SpectralClustering_params7,labels_target_SpectralClustering_params8,labels_target_SpectralClustering_params9
cSIL,0.44421899403307247,0.80329901603574,0.31643068380613293,0.80329901603574,0.5597331520255333,0.5948215425068433,0.7848347775304753,0.7846118440081155,0.5396978668751871,0.5163996791015373,0.1091069042123611,0.33484726241576446,0.7844064877886923,0.1091069042123611,0.7844064877886923,0.1091069042123611,0.7844064877886923,0.363062059094824,0.3193988852404365,0.698082284687997,0.6997292802489481,0.7000740431640721,0.5715470210604949,0.700370919248109,0.22041388363856443,0.8244618069873489,0.22041388363856443,0.8244618069873489,0.22041388363856443,0.8244618069873489,0.5828631191943291,0.6241276964876097,0.7208154345705357,0.572315023413855,0.7204700234968937,0.7204409283653062,0.7207714199357321,0.8916048568350553,0.8558458765732934,0.8916048568350553,0.8558458765732934,0.8916048568350553,0.8558458765732934,0.4305719437682817,0.6207920808668704,0.5968306631747213,0.7755393431250919,0.7532948193933122,0.775976850726143,0.7726386139010799,0.9063603460397955,0.8853510301203092,0.9063603460397955,0.8853510301203092,0.9063603460397955,0.606936431600754,0.8853510301203092,0.31643068380613293,0.80329901603574,0.31643068380613293
GD43,0.13031184207951807,3.1435760128492514,0.004852525187011252,3.1435760128492514,0.3572258390764137,0.5508288967215409,3.1676338814789764,3.1388033987353237,0.41800596215847124,0.42366049529018596,0.0,0.7168177765353247,3.101416656761602,0.0,3.101416656761602,0.0,3.101416656761602,0.5257528611511134,0.5763734909825798,0.8545479920168836,0.8444819377500717,0.8410672171180207,1.1816629435827168,0.8410672171180207,0.0,2.967401585639334,0.0,2.967401585639334,0.0,2.967401585639334,0.4909339750526587,0.8178335485624445,0.9081860284062341,1.2019358460653897,0.8947785647886752,0.8812019985523193,0.8812019985523193,2.40765747573684,2.782425930995745,2.40765747573684,2.782425930995745,2.40765747573684,2.782425930995745,0.19740836676220141,1.3970352072373386,0.1260678044111235,0.9081860284062341,0.8202524819336897,0.898391406092813,0.9133235133174548,2.9563787893705986,3.551100294998725,2.9563787893705986,3.551100294998725,2.9563787893705986,1.408043116181181,3.551100294998725,0.004852525187011252,3.1435760128492514,0.004852525187011252
GD53,0.011646348564917006,0.4142814694182166,0.021423507940460766,0.4142814694182166,0.011691495984084036,0.21499607702615323,0.1513302835704203,0.14995293843133117,0.023751733665039815,0.024073032826064017,0.02037775402460156,0.018503716649729714,0.14844806137473956,0.02037775402460156,0.14844806137473956,0.02037775402460156,0.14844806137473956,0.01977064516294914,0.02787265209662753,0.05106396616374551,0.049814418113312796,0.04779071674535108,0.09262636130789428,0.04779071674535108,0.014949755625199283,0.10403479124309119,0.014949755625199283,0.10403479124309119,0.014949755625199283,0.10403479124309119,0.012779024507877879,0.025203981992979612,0.02965769092306073,0.08672978185289,0.029183095724997023,0.02852940157147391,0.02852940157147391,0.001711294956917224,0.07190880318894602,0.001711294956917224,0.07190880318894602,0.001711294956917224,0.07190880318894602,0.005480715009406968,0.09817375172231278,0.006869248969373157,0.02965769092306073,0.026752436458500443,0.029085918137827738,0.029569353359286576,0.0020412301930295062,0.0024509048832936616,0.0020412301930295062,0.0024509048832936616,0.0020412301930295062,0.09948685546966031,0.0024509048832936616,0.021423507940460766,0.4142814694182166,0.021423507940460766
PS,-0.6954068319792954,0.7597622022606761,-0.8577103693626114,0.7597622022606761,-0.9925231279198194,-0.6833513682163157,0.5030923344268803,0.5025094381461868,1.381492683196262,1.364783045310232,-1.590851323942025,-0.22203583590404177,0.500198163714045,-1.590851323942025,0.500198163714045,-1.590851323942025,0.500198163714045,-2.0745079818641248,-1.9572246244783937,0.6272260881956732,0.7456838012635039,0.9434891692833451,0.8403639901590328,0.944782671262635,-1.6971171685100954,0.09802141572889045,-1.6971171685100954,0.09802141572889045,-1.6971171685100954,0.09802141572889045,-1.377733069869019,-1.1804167736876043,1.463112666540225,0.8439518820112074,1.460996752153291,1.527898477744985,1.5301569534651909,-2.4624047106455564,-1.3031465637235622,-2.4624047106455564,-1.3031465637235622,-2.4624047106455564,-1.3031465637235622,-1.9982333803667394,0.8537566058143904,0.34079026132674933,1.0161110341365913,0.9735825584983027,1.081219312540479,1.0654061016233434,-2.771228650901273,-2.179003445966513,-2.771228650901273,-2.179003445966513,-2.771228650901273,0.8806835738851138,-2.179003445966513,-0.8577103693626114,0.7597622022606761,-0.8577103693626114
rCIP,2.2974792649811775,0.4057966495014474,1.0232168212740491,0.4057966495014474,2.357163706468517,2.1019342947653916,0.37277936769373793,0.3690918867466122,1.6470066310794227,1.7316884031877977,1.8024228685417414,1.7434156397824723,0.3682320200817633,1.8024228685417414,0.3682320200817633,1.8024228685417414,0.3682320200817633,5.485645134010949,5.947753836346983,2.252091729424834,2.1386884556532824,1.8705351978593987,0.26979788130874544,1.8708001395897558,1.8204975263421639,0.7074042204885586,1.8204975263421639,0.7074042204885586,1.8204975263421639,0.7074042204885586,5.6279043494696905,5.99361114298999,4.568952126962981,0.25813240327551257,4.489852079535758,4.339042588573837,4.338561643065161,0.023713504509678043,0.648006883816492,0.023713504509678043,0.648006883816492,0.023713504509678043,0.648006883816492,13.191424193808949,0.1619697792980331,9.687280770046513,4.754480126462733,4.6929255343006435,4.53989876344252,4.460168103315514,0.14542463115248797,0.5947255159730898,0.14542463115248797,0.5947255159730898,0.14542463115248797,0.21938007163357576,0.5947255159730898,1.0232168212740491,0.4057966495014474,1.0232168212740491
WB,10.466832333029485,2.5559119530866163,6.75230282867808,2.5559119530866163,13.551224389696301,8.728728387621095,1.5989846800098273,1.5981524965683749,2.702702373499033,2.8530794616280293,6.935809890944532,9.000338334078354,1.598403743642241,6.935809890944532,1.598403743642241,6.935809890944532,1.598403743642241,5.4981896526983824,4.2419483898010535,1.7806058002355023,1.7762129945873404,1.770835122319863,2.6331426260495276,1.7714617064326634,5.295316155896331,1.5509868813102825,5.295316155896331,1.5509868813102825,5.295316155896331,1.5509868813102825,4.2387387736233455,3.038217937676076,1.978375746560958,2.6285345653914556,1.974979099488564,1.9724048231585767,1.9731208256928028,6.752079716869593,1.669098301578754,6.752079716869593,1.669098301578754,6.752079716869593,1.669098301578754,6.653991452304842,2.284810404378609,6.34039245209228,1.7379358335098805,1.849888072989548,1.7382789585998542,1.6915125164048328,3.698941005441371,1.6768073076319743,3.698941005441371,1.6768073076319743,3.698941005441371,2.4266918641963637,1.6768073076319743,6.75230282867808,2.5559119530866163,6.75230282867808
XB,63.333921928129044,0.249454255594919,349.25487658026447,0.249454255594919,7.541421177213457,4.684578084470816,0.16228612777878199,0.1622221242644856,3.149078077756623,3.2606350937647273,inf,2.2698334246285925,0.16311955576735737,inf,0.16311955576735737,inf,0.16311955576735737,5.260503228720504,4.556378986381286,2.135116419897873,2.113433605768631,2.0452139938682836,0.37413037135599103,2.045772706572439,inf,0.14021957960403225,inf,0.14021957960403225,inf,0.14021957960403225,1.9191638070393222,1.3522569806978428,1.8201260905051277,0.3686768281724824,1.8135952034049765,1.7973223825517737,1.7978313605515497,0.37902295532184643,0.13317038238439657,0.37902295532184643,0.13317038238439657,0.37902295532184643,0.13317038238439657,5.628410511219053,0.30996074277171204,8.832102012868589,1.4742030379893707,1.5478378312134942,1.4594057372021607,1.426994968329691,0.2303194754539289,0.1261287522848692,0.2303194754539289,0.1261287522848692,0.2303194754539289,0.3068029359351681,0.1261287522848692,349.25487658026447,0.249454255594919,349.25487658026447
SSE,109.30163910830191,58.89760462293741,94.87139347805085,58.89760462293741,110.35469472288258,96.051803203719,36.60598001033344,36.59154309328457,53.00782212818586,54.885639799166384,87.7869869669972,104.58972859466407,36.59590217126207,87.7869869669972,36.59590217126207,87.7869869669972,36.59590217126207,72.2395619923477,62.57021580184061,34.57317199488569,34.507361291157345,34.42669153452004,59.970808463466874,34.436096237392235,70.82365879691908,31.030535065547113,70.82365879691908,31.030535065547113,70.82365879691908,31.030535065547113,56.977571039366055,45.724309814501275,33.28862509719982,59.90747603033453,33.24404899433461,33.21024284130837,33.21964754418057,74.17439888660638,29.086592277081465,74.17439888660638,29.086592277081465,74.17439888660638,29.086592277081465,68.59795363529766,54.92155722948714,66.79438555159805,26.96197395597024,28.37259196514085,26.966346943095658,26.367473020766788,47.76565191058985,26.177967274595613,47.76565191058985,26.177967274595613,47.76565191058985,57.04426806516359,26.177967274595613,94.87139347805085,58.89760462293741,94.87139347805085
RS,-0.4441227440517767,-0.6665153017724745,-10.318287771857037,-0.6665153017724745,-0.4420701839504147,-1.0789933536454681,-0.7608337880122331,-0.7620442000831028,-1.0787516539155693,-1.1466061500430906,-19.973434592961173,-0.7641101539019001,-0.7623512939548922,-19.973434592961173,-0.7623512939548922,-19.973434592961173,-0.7623512939548922,-0.6991370983631766,-0.9208231608840064,-0.7791900269766203,-0.7782403256407746,-0.7766840407279745,-1.2079803624626944,-0.7777069795402402,-20.07739727320385,-0.7912197921831834,-20.07739727320385,-0.7912197921831834,-20.07739727320385,-0.7912197921831834,-0.9632387641456239,-0.8939926804897579,-0.7731122747055356,-1.2124516327286414,-0.7719885821453613,-0.7715095897750028,-0.7725325285872688,-0.35465476145054453,-0.6774797095214992,-0.35465476145054453,-0.6774797095214992,-0.35465476145054453,-0.6774797095214992,-1.9035176915221315,-1.065290791124534,-1.979291434000224,-0.6626915325085658,-0.8463385646134758,-0.65772897633859,-0.7011073057099065,-0.36151923927585017,-0.5125148380361552,-0.36151923927585017,-0.5125148380361552,-0.36151923927585017,-1.131670945745732,-0.5125148380361552,-10.318287771857037,-0.6665153017724745,-10.318287771857037
DH,0.40679476711639667,0.44809929576234125,0.6938806878105295,0.44809929576234125,0.34833541434339854,0.43806599463606516,0.4113040347333979,0.41149308137374074,0.4661108808162872,0.47631784438100244,0.7566406292258345,0.4467291113302161,0.41153102799894403,0.7566406292258345,0.41153102799894403,0.7566406292258345,0.41153102799894403,0.35220678953804446,0.38459346212603296,0.39840149433397,0.39841758552709483,0.39795897234883687,0.5113902235747503,0.3980753439130392,0.703972319239409,0.3662415747539039,0.703972319239409,0.3662415747539039,0.703972319239409,0.3662415747539039,0.3434783781879329,0.35210970827454274,0.37367045980855523,0.511421985292691,0.3735587585855248,0.3735350075493673,0.37364062520920477,0.1424579975624019,0.2758191352293121,0.1424579975624019,0.2758191352293121,0.1424579975624019,0.2758191352293121,0.3830076506814085,0.4906314707184425,0.3885714497179601,0.3307390699345199,0.34644358453863516,0.3300581996442515,0.33454340118521264,0.15024081280246626,0.21759492244668252,0.15024081280246626,0.21759492244668252,0.15024081280246626,0.5020579086782666,0.21759492244668252,0.6938806878105295,0.44809929576234125,0.6938806878105295
B,0.6382093962753091,0.25164436549736774,0.7237308022592883,0.25164436549736774,0.5470395401115379,0.47902691359760124,0.1567272688698219,0.15671396627837242,0.3543842156583358,0.3741022011629662,0.8410878301677029,0.6416075189392669,0.15674346062744318,0.8410878301677029,0.15674346062744318,0.8410878301677029,0.15674346062744318,0.35400920547255454,0.3099539344527157,0.18369934131837054,0.18334836438490462,0.1828896370343794,0.3174450151605189,0.1829882486951895,0.5685345691023896,0.1256229032470803,0.5685345691023896,0.1256229032470803,0.5685345691023896,0.1256229032470803,0.2893766730869346,0.22447511160710995,0.20990832877329285,0.31725942670494084,0.2096306238275395,0.20943623087292057,0.20955058094579415,0.07067426085278307,0.06506221235888598,0.07067426085278307,0.06506221235888598,0.07067426085278307,0.06506221235888598,0.4210706496741033,0.2786230881279304,0.4492319134843702,0.15040936907328992,0.16074125394047084,0.15035997160925207,0.14734119887683808,0.05128568343692883,0.044330349041896554,0.05128568343692883,0.044330349041896554,0.05128568343692883,0.29548244285714,0.044330349041896554,0.7237308022592883,0.25164436549736774,0.7237308022592883
BH,27.32540977707548,14.724401155734354,23.717848369512716,14.724401155734354,22.070938944576515,19.210360640743797,7.321196002066688,7.318308618656914,10.601564425637171,10.977127959833277,17.55739739339944,26.14743214866602,7.319180434252414,17.55739739339944,7.319180434252414,17.55739739339944,7.319180434252414,12.039926998724617,10.42836930030677,5.762195332480949,5.751226881859558,5.737781922420006,14.992702115866718,5.7393493728987055,11.803943132819844,5.171755844257852,11.803943132819844,5.171755844257852,11.803943132819844,5.171755844257852,8.139653005623721,6.532044259214467,4.755517871028546,14.97686900758363,4.749149856333516,4.744320405901196,4.745663934882939,10.59634269808663,4.155227468154495,10.59634269808663,4.155227468154495,10.59634269808663,4.155227468154495,8.574744204412209,13.730389307371784,8.349298193949757,3.3702467444962805,3.5465739956426066,3.3707933678869573,3.2959341275958494,5.970706488823732,3.2722459093244516,5.970706488823732,3.2722459093244516,5.970706488823732,14.261067016290898,3.2722459093244516,23.717848369512716,14.724401155734354,23.717848369512716
D,0.004034773069860948,0.2437448888060018,0.16967637247938017,0.2437448888060018,0.032342273762412756,0.011818483854561364,0.3496459178380463,0.3436711916378297,0.04257903182108745,0.04257903182108745,0.12844092774255886,0.09106072513002157,0.3463480255624069,0.12844092774255886,0.3463480255624069,0.12844092774255886,0.3463480255624069,0.035477362961294695,0.02991852638407306,0.06823117024014831,0.06249086923213505,0.06099578436926047,0.17949887628255798,0.07403497327321452,0.12009669845198809,0.20586609105793235,0.12009669845198809,0.20586609105793235,0.12009669845198809,0.20586609105793235,0.07507790994484563,0.030113817704608567,0.06425152790099303,0.18403422258186372,0.05883702527605492,0.06700018654427398,0.06700018654427398,0.2606050691451642,0.1991328756723441,0.2606050691451642,0.1991328756723441,0.2606050691451642,0.1991328756723441,0.023001299401382114,0.16195717144869798,0.019847362791778938,0.0747490837365623,0.05297359587930928,0.06916509923965658,0.06595961542378885,0.3576055187693038,0.3051801784710487,0.3576055187693038,0.3051801784710487,0.3576055187693038,0.17862432009255735,0.3051801784710487,0.16967637247938017,0.2437448888060018,0.16967637247938017
H,1.8534592606690246,0.7752249554767686,2.4885838045568804,0.7752249554767686,1.381507016506535,2.0217573228110464,0.8992215956258933,0.8999295513425531,1.6660946537364376,1.720671575567009,3.3091503749992603,1.3584314304249143,0.9005470270093024,3.3091503749992603,0.9005470270093024,3.3091503749992603,0.9005470270093024,2.0900753007124915,2.4312629747277335,1.530750622311607,1.5280154804568415,1.523877589638514,1.1396142471705235,1.5234505012820754,3.476349556090255,0.9062603908152653,3.476349556090255,0.9062603908152653,3.476349556090255,0.9062603908152653,1.764916274667776,1.7757549133612307,1.5844140772680608,1.1404807867736197,1.5841600352999754,1.5857895450099648,1.5850624807944482,0.7657154842099754,0.8743680445936889,0.7657154842099754,0.8743680445936889,0.7657154842099754,0.8743680445936889,2.937160478949561,1.0611766029900882,2.374687512759434,1.5245313775996232,1.6436951550257315,1.5228543748007408,1.5390710555757603,0.7321851034116023,0.8199031194940717,0.7321851034116023,0.8199031194940717,0.7321851034116023,1.0918268817046435,0.8199031194940717,2.4885838045568804,0.7752249554767686,2.4885838045568804
DBCV,-0.9351741727120145,-0.9794451251956864,-0.7164096264087892,-0.9794451251956864,-0.8602198000452572,-0.974928646839997,0.025423523673454743,0.025215267694151156,-0.6371979653519124,-0.638635636577623,-0.6902689760401034,-0.9428579518780916,0.02506229091444967,-0.6902689760401034,0.02506229091444967,-0.6902689760401034,0.02506229091444967,-0.8718183844237217,-0.9432437004479812,-0.9085456306421431,-0.8535003704384706,-0.634580458763704,0.02658255731314248,-0.6376269314714205,-0.6789832670509919,0.11908794713714935,-0.6789832670509919,0.11908794713714935,-0.6789832670509919,0.11908794713714935,-0.8687265058069059,-0.910214209170171,-0.6662930428687592,0.02402341813741941,-0.6015853674664328,-0.8336533711196896,-0.8366998438274061,-0.6894866617400334,0.12216783145643835,-0.6894866617400334,0.12216783145643835,-0.6894866617400334,0.12216783145643835,-0.7953677414786422,0.02253775046692132,-0.757213903801275,-0.5819812139487359,-0.5635889528841036,-0.7651207797268292,-0.8157729111353761,-0.7076621515201531,0.21116827248804076,-0.7076621515201531,0.21116827248804076,-0.7076621515201531,0.02116163844635813,0.21116827248804076,-0.7164096264087892,-0.9794451251956864,-0.7164096264087892
I,0.06732907900389862,0.19131022008200674,0.11569097381049866,0.19131022008200674,0.08573611332758707,0.08562746646594924,0.20107696695157176,0.1997604446372032,0.1052117791442052,0.09670262743849437,0.047025032635100016,0.08997414315257217,0.1988620606340471,0.047025032635100016,0.1988620606340471,0.047025032635100016,0.1988620606340471,0.07885192728634233,0.08916055922299929,0.16335934802527083,0.1629414209168672,0.16257057606320094,0.1269811305848546,0.16271633645236447,0.0703269707759073,0.1633105707446231,0.0703269707759073,0.1633105707446231,0.0703269707759073,0.1633105707446231,0.0853289695888126,0.1044876506953052,0.13446699670496248,0.12704218021126476,0.13399629341434785,0.13344480419480412,0.13356749761765474,0.3321338963153192,0.39700815967831177,0.3321338963153192,0.39700815967831177,0.3321338963153192,0.39700815967831177,0.04604785889711628,0.14369219141183961,0.07056272885858862,0.13421467247848262,0.12007585997959336,0.13459238905970233,0.13567618954306995,0.35041608721074174,0.32539920296956704,0.35041608721074174,0.32539920296956704,0.35041608721074174,0.1319787638540601,0.32539920296956704,0.11569097381049866,0.19131022008200674,0.11569097381049866
C,0.39876140602449783,0.09027000513636815,0.16543716651750007,0.09027000513636815,0.42958023683283075,0.3366486691676722,0.024096501112826053,0.024044756484705294,0.13096193244873244,0.13611794632044932,0.0953560022861233,0.3683289576724711,0.02405027142455866,0.0953560022861233,0.02405027142455866,0.0953560022861233,0.02405027142455866,0.28278501787147636,0.24524419553260984,0.08237229035053499,0.08202447058796677,0.08113261631186287,0.05692672120941461,0.08112640481251827,0.06960922206472701,0.01795827484201484,0.06960922206472701,0.01795827484201484,0.06960922206472701,0.01795827484201484,0.17623322132654798,0.14529561725303416,0.09610292462216297,0.056428163179945,0.09589030813335714,0.09575192712651555,0.09574371911804523,0.1397956279995875,0.01692025633275225,0.1397956279995875,0.01692025633275225,0.1397956279995875,0.01692025633275225,0.21970704533404573,0.04678515727362523,0.16055736282777425,0.07480124878054228,0.07375742988752097,0.07498023294021064,0.07032213373845521,0.06929864565846523,0.014768949572284671,0.06929864565846523,0.014768949572284671,0.06929864565846523,0.051308118798782346,0.014768949572284671,0.16543716651750007,0.09027000513636815,0.16543716651750007
CDbw,1.476948892604395,0.4349515456452649,0.21391387140687798,0.4349515456452649,2.862560393283777,0.566180858593532,0.347692282942429,0.19672950086232402,0.23025355799651143,0.19564190747173438,,1.719109041468489,0.12495551418833944,,0.12495551418833944,,0.12495551418833944,1.3247960372834995,0.6561350568752329,0.4999120556389357,0.2935174513529009,0.4936632711711813,0.22082457820295337,0.2954226429367722,,0.27936369299657354,,0.27936369299657354,,0.27936369299657354,1.0292961015624464,0.502076949648417,0.24323348112880736,0.17396807928692054,0.24174677161331862,0.3029972963339384,0.7201011349705574,5.116114689935475,3.219233648402874,5.116114689935475,3.219233648402874,5.116114689935475,3.219233648402874,0.7351269115860446,0.22675142198174492,0.2737908252172467,0.7120734172895788,0.20306989422328856,0.495220178189814,0.8577675463085838,5.444231769202972,11.520315497520494,5.444231769202972,11.520315497520494,5.444231769202972,0.19867243979534963,11.520315497520494,0.21391387140687798,0.4349515456452649,0.21391387140687798
VIASCKDE,0.5549556688620605,0.7045908054611815,0.6502543662264791,0.7045908054611815,0.546027382960745,0.5925239900998351,0.6263269358679496,0.6249980856115237,0.5844383203266222,0.5755462948987543,0.644152830676245,0.5338849298660447,0.6304739717598634,0.644152830676245,0.6304739717598634,0.644152830676245,0.6304739717598634,0.5774071402309837,0.5857203286015512,0.5585168861051099,0.5618085485748061,0.5829124357011978,0.6295335186418168,0.5836117562921672,0.6716429094389795,0.6196611052799655,0.6716429094389795,0.6196611052799655,0.6716429094389795,0.6196611052799655,0.6127021656363854,0.610983219328434,0.5551612123641906,0.6278255520257333,0.5549204463338083,0.5571905819225875,0.557889902513557,0.6325430411114814,0.610702459544816,0.6325430411114814,0.610702459544816,0.6325430411114814,0.610702459544816,0.5355086853967019,0.6264042120838814,0.5403029105667959,0.5552127534568121,0.5512761979226167,0.5592611881368311,0.5600210802041292,0.6656282991250472,0.6004105778396804,0.6656282991250472,0.6004105778396804,0.6656282991250472,0.61962735957924,0.6004105778396804,0.6502543662264791,0.7045908054611815,0.6502543662264791
COP,0.16299419016538616,0.15675513697576873,0.15756637762628536,0.15675513697576873,0.1486676026588446,0.16474416713514223,0.14550563314068957,0.14482673993398026,0.12922289083395083,0.1307111840159629,0.168560876809253,0.14568042421846963,0.14639771095899093,0.168560876809253,0.14639771095899093,0.168560876809253,0.14639771095899093,0.21439421095292865,0.21144183908718908,0.26093610728940725,0.2637360974448394,0.2742598946816721,0.13143268651619378,0.27371800063890084,0.30192086510209115,0.2801276633267807,0.30192086510209115,0.2801276633267807,0.30192086510209115,0.2801276633267807,0.20042082613168752,0.19527360380839298,0.28616116863847524,0.1317540476598185,0.2851786656309732,0.28460171190268657,0.28405981785991535,0.35079669102167776,0.33123582300272714,0.35079669102167776,0.33123582300272714,0.35079669102167776,0.33123582300272714,0.27378995127085115,0.12638321260207372,0.3103347977595882,0.278715772330719,0.2771321424766904,0.28004498635665726,0.27184255625703035,0.31152429862303516,0.3470325840811352,0.31152429862303516,0.3470325840811352,0.31152429862303516,0.13743350373711408,0.3470325840811352,0.15756637762628536,0.15675513697576873,0.15756637762628536
Sym,0.007885084374886171,0.009431520385577107,0.03374556516652199,0.009431520385577107,0.014479028835390177,0.00717764912839815,0.017159876699945648,0.017082279150843163,0.010446219011176858,0.009932784076697742,0.00631624392506704,0.008305010116530318,0.017045426660249243,0.00631624392506704,0.017045426660249243,0.00631624392506704,0.017045426660249243,0.0060490426526370825,0.0065860907755251755,0.014194023215168104,0.014183975859478629,0.014211763273063303,0.011830384562408883,0.014207545420952301,0.009426175947052237,0.017156854894718285,0.009426175947052237,0.017156854894718285,0.009426175947052237,0.017156854894718285,0.006706528034316649,0.007871283698900368,0.012345308246726354,0.011640348325963522,0.012330933342597421,0.012338403547407763,0.012334655149455144,0.06486653315112598,0.03104698777067141,0.06486653315112598,0.03104698777067141,0.06486653315112598,0.03104698777067141,0.005564640352694892,0.013157879844625527,0.005672292330951761,0.013176636940488578,0.012708267912248513,0.013045955253202969,0.013214905112098134,0.019149559209670316,0.035614927887354215,0.019149559209670316,0.035614927887354215,0.019149559209670316,0.012432771666868863,0.035614927887354215,0.03374556516652199,0.009431520385577107,0.03374556516652199
CS,2.175415687508158,1.7445385647108445,5.6381921593900595,1.7445385647108445,1.6308386726085369,2.3878102248660285,1.43561743558401,1.4365704221828046,2.3130743146896675,2.3319574866013726,6.856875446969373,2.2635805464842926,1.436202482741167,6.856875446969373,1.436202482741167,6.856875446969373,1.436202482741167,2.2840690925613085,2.7470268242911287,1.754679875376808,1.75849089886431,1.7738004827600027,1.893609839308681,1.7745474893625452,5.00667563225588,1.3787186639965847,5.00667563225588,1.3787186639965847,5.00667563225588,1.3787186639965847,1.9556021577273839,1.9486067144655796,1.7621868442169089,1.9014545917212649,1.763369960992204,1.7681948060617279,1.768464523689903,0.42690890395712594,0.9977682001036783,0.42690890395712594,0.9977682001036783,0.42690890395712594,0.9977682001036783,2.4320087591467625,1.8639741682617017,2.132481534714179,1.553534881689622,1.6837433834161588,1.5534241919060354,1.5888325897592077,0.44340262866894,0.7354376142327634,0.44340262866894,0.7354376142327634,0.44340262866894,1.8465359120918885,0.7354376142327634,5.6381921593900595,1.7445385647108445,5.6381921593900595
SF,0.3919901079127385,0.33147270948155494,0.11109563488832375,0.33147270948155494,0.37665169713848123,0.29934730823574485,0.29623392875439103,0.29624566276696374,0.2914862088380733,0.28673893051395083,0.029288856985635547,0.36743881736125894,0.2961806631751487,0.029288856985635547,0.2961806631751487,0.029288856985635547,0.2961806631751487,0.30876405604041535,0.2826701592476213,0.2810360977172969,0.28109555552073384,0.28131420139516106,0.29436791718507405,0.2813356480321222,0.025347630826113576,0.27916907014537795,0.025347630826113576,0.27916907014537795,0.025347630826113576,0.27916907014537795,0.27439175652239967,0.26820956076325797,0.2727554223731662,0.2940435752248223,0.27288194439944924,0.2729115552149034,0.27293255650345916,0.36145555658148654,0.27530720723366664,0.36145555658148654,0.27530720723366664,0.36145555658148654,0.27530720723366664,0.2046746012221845,0.3076376166030128,0.21175646165645312,0.2638321470041709,0.2489607575792212,0.26426167809600476,0.26282639085304293,0.32211359189611954,0.2773141382633606,0.32211359189611954,0.2773141382633606,0.32211359189611954,0.3022287699092292,0.2773141382633606,0.11109563488832375,0.33147270948155494,0.11109563488832375
SD,25437511.40023317,29140536.72593819,197512060.3226693,29140536.72593819,20957251.409040507,31510380.660343025,24688415.94894596,24715369.475025512,33066059.116979875,33987252.68729557,inf,35341646.71089238,24687235.297660895,inf,24687235.297660895,inf,24687235.297660895,21284393.60199225,24347258.155719895,20787969.997732777,20785048.620794773,20818937.539448567,43121653.27342294,20852354.436606135,inf,24245164.78760717,inf,24245164.78760717,inf,24245164.78760717,22246700.784567926,20608730.39282048,17801830.292898316,43275427.47292245,17795281.19227658,17804477.83830839,17833120.92682972,17148895.91741152,19599579.595846426,17148895.91741152,19599579.595846426,17148895.91741152,19599579.595846426,29568989.99326445,41045083.77886834,27047742.012620114,15228770.222692195,18597969.05493027,15117034.390383372,16320759.936546788,15111613.886197183,15635737.40232169,15111613.886197183,15635737.40232169,15111613.886197183,42173823.50046752,15635737.40232169,197512060.3226693,29140536.72593819,197512060.3226693
SDbw,1.1739117387553621,1.1533849979842232,3.8677336387639953,1.1533849979842232,0.85852031889513,1.105764609996194,0.9503240143150464,0.9539370832588454,1.3819478548969881,1.4121250064131239,inf,1.4807409310260784,0.9629896562754424,inf,0.9629896562754424,inf,0.9629896562754424,0.994579787512635,1.0225988671202884,0.9573891680647679,0.9548701315118421,0.9629584962680087,1.4545554096101139,0.9595044103948636,inf,0.8530783617669973,inf,0.8530783617669973,inf,0.8530783617669973,0.8313456510922902,0.7979736983063179,0.928285650041522,1.4727498771710765,0.9315739771682603,0.9392473933974173,0.9420803739018239,0.30764286480009206,0.5958453316911017,0.30764286480009206,0.5958453316911017,0.30764286480009206,0.5958453316911017,1.1956064440323353,1.3904627741388946,1.062736182694192,0.7376558483490523,0.8552613787645127,0.7374329259203722,0.7616638256123005,0.3099406238715605,0.4348555185508296,0.3099406238715605,0.4348555185508296,0.3099406238715605,1.4347916413834507,0.4348555185508296,3.8677336387639953,1.1533849979842232,3.8677336387639953
XB*,81.04688670695133,0.2872354530254913,5485.941451023143,0.2872354530254913,10.153217581997929,5.5626422675113965,0.291638641915855,0.2943173961304467,8.090113681142771,7.982136146399942,inf,2.851406107084819,0.29867029983303156,inf,0.29867029983303156,inf,0.29867029983303156,7.121308757775609,6.495872057124443,4.034782010092666,4.065963080044201,4.020743746076795,0.9273918632827519,4.020743746076795,inf,0.31430315514497903,inf,0.31430315514497903,inf,0.31430315514497903,5.186762177142404,2.91747055588983,3.572262454230172,0.905558453739455,3.6217045413844318,3.662830814958059,3.662830814958059,0.41193282829311156,0.33740316844337365,0.41193282829311156,0.33740316844337365,0.41193282829311156,0.33740316844337365,20.13200891444437,0.746087804354384,40.019645422786965,3.572262454230172,3.9507635307473117,3.5927478965294193,3.5340093487532633,0.3258837955290022,0.27120114455300254,0.3258837955290022,0.27120114455300254,0.3258837955290022,0.722641939485968,0.27120114455300254,5485.941451023143,0.2872354530254913,5485.941451023143
S,-0.11300423169057108,0.4738136511822043,0.3791359868705115,0.4738136511822043,-0.10922139220020512,0.03896147228995122,0.5686020663516549,0.5687889331389598,0.30632640159801255,0.2972699224098275,0.434862543303951,-0.05313683776324687,0.5688460451776091,0.434862543303951,0.5688460451776091,0.434862543303951,0.5688460451776091,-0.002011677850323559,0.07089286071236392,0.3687426248310798,0.37132817025179127,0.3773428298248912,0.49531364624354307,0.37723871123679475,0.4627331503109334,0.5750472973653529,0.4627331503109334,0.5750472973653529,0.4627331503109334,0.5750472973653529,0.13712644952017242,0.20036720077981823,0.367882903038522,0.49531066498877857,0.3693416484716395,0.3727997837007612,0.37264983734329393,0.39137644656339593,0.5726816402726903,0.39137644656339593,0.5726816402726903,0.39137644656339593,0.5726816402726903,0.09979422471031982,0.5145361134594008,0.2736361393113167,0.39143528019897905,0.3881049925395968,0.39588586916631635,0.4031394580713663,0.48171476993133694,0.5767721650356267,0.48171476993133694,0.5767721650356267,0.48171476993133694,0.505491331382792,0.5767721650356267,0.3791359868705115,0.4738136511822043,0.3791359868705115
DB,4.7441268798627245,0.7816081368879613,45.271888000097775,0.7816081368879613,1.6440913455096904,1.9033516178171959,0.6510443377122259,0.6483230819043578,0.9608810756027104,0.9808908898064024,9.173583337275181,1.2809627371542556,0.6500493346134077,9.173583337275181,0.6500493346134077,9.173583337275181,0.6500493346134077,1.6878614844299584,1.9254940613673517,0.8309256782895079,0.828134351348463,0.8186050793899278,0.9428174986203803,0.8172583621729932,9.919504812491041,0.6435641457733244,9.919504812491041,0.6435641457733244,9.919504812491041,0.6435641457733244,0.8893895007078558,0.8543807303774147,0.7427587427600602,0.9342535347285379,0.7410587479356244,0.7369641038646485,0.7360270378436592,0.5692015120221824,0.5894264082635114,0.5692015120221824,0.5894264082635114,0.5692015120221824,0.5894264082635114,2.358439819846453,0.8607953685586422,3.2635519888224147,0.7232476455950079,0.7418777903391578,0.7171900918673246,0.7166959589552149,0.5256629440196097,0.5311493134461029,0.5256629440196097,0.5311493134461029,0.5256629440196097,0.8758237557890167,0.5311493134461029,45.271888000097775,0.7816081368879613,45.271888000097775
CH,97.57807336899626,399.5964462312297,151.25703915345323,399.5964462312297,70.56557935289497,109.55203983161333,598.0357485314513,598.3471552641586,353.8125430962634,335.1641665999527,137.87142598133929,113.47721556935437,598.2531033248321,137.87142598133929,598.2531033248321,137.87142598133929,598.2531033248321,166.74579414517942,216.12709909537529,514.8809466299302,516.1543141468775,517.7218299120678,387.87619144870536,517.5387064088644,173.13413836096336,591.1075142205473,173.13413836096336,591.1075142205473,173.13413836096336,591.1075142205473,210.00743716644212,292.98973441897084,449.9482306200213,388.5561737633954,450.7220693612312,451.31032748194576,451.1465568025268,131.8359237440056,533.3218935186038,131.8359237440056,533.3218935186038,131.8359237440056,533.3218935186038,130.87740630557786,447.0101026221041,137.35066865928258,501.0870516999395,470.76207235055955,500.9881403377277,514.8393135795862,235.43418010075266,519.3543342120731,235.43418010075266,519.3543342120731,235.43418010075266,420.87475068515283,519.3543342120731,151.25703915345323,399.5964462312297,151.25703915345323
AD-S,-0.20742421652368065,0.46922200021182725,0.4086432200196069,0.46922200021182725,-0.2219991184494961,-0.19047102693404447,0.5625848617155155,0.5621019333228675,0.08996927902705575,0.08326048204312864,0.36732089897885173,-0.21963776811257263,0.5623868579634905,0.36732089897885173,0.5623868579634905,0.36732089897885173,0.5623868579634905,-0.1191900915166082,-0.08474960047617235,0.08901186351210078,0.08829742528343325,0.09796494656162057,0.524596598946152,0.09777924530353174,0.47912740580598523,0.5727520984800495,0.47912740580598523,0.5727520984800495,0.47912740580598523,0.5727520984800495,-0.0038256934585469957,0.0039017857962306,0.09658077656687225,0.5229410391239613,0.09630187174326758,0.09987822395240814,0.09969252269431932,0.3892483864444073,0.5386268862003311,0.3892483864444073,0.5386268862003311,0.3892483864444073,0.5386268862003311,-0.020282370836397653,0.5526661537545429,0.09331963254340292,0.10683157947130771,0.08886134883620293,0.11185555543915897,0.11413856103575383,0.4892292643825924,0.559192422608732,0.4892292643825924,0.559192422608732,0.4892292643825924,0.5465983824839794,0.559192422608732,0.4086432200196069,0.46922200021182725,0.4086432200196069
AD-DB,7.062163666927623,2.541842487138882,1.1699622907633105,2.541842487138882,6.6623619100071805,8.271111591623747,2.5883710438099503,2.585363149677664,2.6892698424539256,2.542082727952971,1.40236596688344,7.235794328010148,2.5773643359959904,1.40236596688344,2.5773643359959904,1.40236596688344,2.5773643359959904,5.325346515190529,4.830721127934979,2.7701169623388147,2.769070534259523,2.751349102634212,2.460030917039873,2.756897179547785,1.397817841107166,2.708369183443074,1.397817841107166,2.708369183443074,1.397817841107166,2.708369183443074,3.641081390489718,3.7409592929543587,2.643015294960858,2.4822503634193005,2.641488100937445,2.6363902965578854,2.6411457910552336,0.5899673159525084,2.4915858084430846,0.5899673159525084,2.4915858084430846,0.5899673159525084,2.4915858084430846,5.641852584210292,2.482954590621852,3.053320233217839,2.6416038181911103,2.9587334874487654,2.631186690604603,2.974748293293323,0.6948697512335908,1.7664953444649467,0.6948697512335908,1.7664953444649467,0.6948697512335908,2.2799760272593663,1.7664953444649467,1.1699622907633105,2.541842487138882,1.1699622907633105
AD-CH,122.18850616846463,418.0413109119954,296.16105867338234,418.0413109119954,84.0083502326076,116.86152791913808,596.3217395143156,596.1369361022159,629.6477115702086,612.9824898801064,218.98823838601135,134.32036486296434,596.3209182508862,218.98823838601135,596.3209182508862,218.98823838601135,596.3209182508862,154.61443027837495,203.78773325245587,507.8353933618623,507.69879008233573,508.52249132876943,757.9977111140522,508.40639316448596,307.0150177465695,490.2379794231622,307.0150177465695,490.2379794231622,307.0150177465695,490.2379794231622,299.420462880419,297.8825934468718,423.60555269784527,756.618699442888,423.5196456786262,423.73742213780326,423.64056121434345,172.90961188410228,411.2979925870983,172.90961188410228,411.2979925870983,172.90961188410228,411.2979925870983,179.26869823497842,786.2873522313837,367.34005068044695,370.4383886921134,359.93066932209564,371.14580762466096,373.4620468743523,266.5593595187475,440.4060029608222,266.5593595187475,440.4060029608222,266.5593595187475,766.2534424991577,440.4060029608222,296.16105867338234,418.0413109119954,296.16105867338234
AD-idea,3.9722330872154723,13.12121224909742,5.1805468770542324,13.12121224909742,5.716185510097877,2.9270014271897025,67.64544866695712,67.6242926786591,2.5413266340173664,2.413878226722528,2.564918321644363,3.0822733268810905,67.84321714226624,2.564918321644363,67.84321714226624,2.564918321644363,67.84321714226624,8.607878023576887,7.318452356050035,3.391202793100924,3.4101014564029555,3.5896139005441787,43.073159265524126,3.5918782858702594,5.29703048598345,97.98871808121181,5.29703048598345,97.98871808121181,5.29703048598345,97.98871808121181,7.1712861256929425,5.681905663328962,3.60181321397795,43.27730223326423,3.608593680571326,3.660433928947875,3.6627429886700194,1590665.7295713709,1188.229633616833,1590665.7295713709,1188.229633616833,1590665.7295713709,1188.229633616833,1.3006563998282654,47.76300752356382,1.3054763587293778,5.983369330980569,4.401141216351736,6.168919340660318,5.710061040734241,3269421.7066069897,38086.602357085714,3269421.7066069897,38086.602357085714,3269421.7066069897,45.31642638969885,38086.602357085714,5.1805468770542324,13.12121224909742,5.1805468770542324
