8.047309999999999519e+00,-4.886619999999999742e+00,0.000000000000000000e+00
1.123750000000000071e+01,3.017459999999999809e+00,0.000000000000000000e+00
5.110500000000000043e+00,2.698829999999999840e-01,0.000000000000000000e+00
6.344560000000000421e+00,-3.718319999999999848e+00,0.000000000000000000e+00
9.094929999999999737e+00,2.028360000000000163e+00,0.000000000000000000e+00
8.016859999999999431e+00,-2.264839999999999964e+00,0.000000000000000000e+00
9.958149999999999835e+00,6.671359999999999957e+00,0.000000000000000000e+00
1.007300000000000040e+01,-5.964940000000000353e+00,0.000000000000000000e+00
8.525900000000000034e+00,-1.550890000000000102e+00,0.000000000000000000e+00
8.632379999999999498e+00,-1.970339999999999980e+00,0.000000000000000000e+00
8.289970000000000283e+00,7.064049999999999496e-01,0.000000000000000000e+00
7.901830000000000354e+00,-8.882560000000000455e-01,0.000000000000000000e+00
7.328359999999999985e+00,-8.034959999999999880e-01,0.000000000000000000e+00
9.679650000000000531e+00,-7.715629999999999988e-01,0.000000000000000000e+00
8.796739999999999782e+00,7.061119999999999619e-01,0.000000000000000000e+00
8.323370000000000601e+00,4.083689999999999820e+00,0.000000000000000000e+00
9.818709999999999383e+00,-8.499949999999999450e-01,0.000000000000000000e+00
8.439049999999999940e+00,1.039660000000000029e+00,0.000000000000000000e+00
9.786369999999999791e+00,1.848809999999999898e-01,0.000000000000000000e+00
7.645579999999999821e+00,-4.897669999999999746e+00,0.000000000000000000e+00
8.229540000000000077e+00,-2.590889999999999915e+00,0.000000000000000000e+00
8.801640000000000796e+00,2.176029999999999909e-01,0.000000000000000000e+00
9.274459999999999482e+00,-2.855840000000000156e+00,0.000000000000000000e+00
7.956500000000000128e+00,-3.162529999999999841e+00,0.000000000000000000e+00
6.888080000000000425e+00,1.168889999999999985e+00,0.000000000000000000e+00
1.051529999999999987e+01,-5.057390000000000496e-01,0.000000000000000000e+00
9.592200000000000060e+00,-2.580480000000000107e+00,0.000000000000000000e+00
9.737769999999999371e+00,4.529980000000000118e+00,0.000000000000000000e+00
5.240490000000000315e+00,1.318510000000000071e+00,0.000000000000000000e+00
6.418709999999999916e+00,-3.583839999999999942e-02,0.000000000000000000e+00
9.622820000000000817e+00,1.487689999999999957e+00,0.000000000000000000e+00
7.207480000000000331e+00,-3.679930000000000145e+00,0.000000000000000000e+00
9.698230000000000572e+00,5.003180000000000405e+00,0.000000000000000000e+00
5.909209999999999852e+00,-2.063829999999999831e+00,0.000000000000000000e+00
7.390259999999999607e+00,1.224650000000000016e+00,0.000000000000000000e+00
7.806429999999999758e+00,3.194550000000000001e+00,0.000000000000000000e+00
1.004819999999999958e+01,5.249279999999999502e-01,0.000000000000000000e+00
6.543529999999999625e+00,1.098690000000000040e-03,0.000000000000000000e+00
8.508539999999999992e+00,6.284610000000000474e-01,0.000000000000000000e+00
6.857350000000000279e+00,6.079029999999999850e-02,0.000000000000000000e+00
1.129100000000000037e+01,-1.669650000000000079e+00,0.000000000000000000e+00
6.449539999999999829e+00,2.403849999999999820e+00,0.000000000000000000e+00
9.737310000000000798e+00,-1.240280000000000049e+00,0.000000000000000000e+00
7.602140000000000342e+00,-2.239780000000000104e+00,0.000000000000000000e+00
8.621790000000000731e+00,-4.887719999999999843e+00,0.000000000000000000e+00
8.361489999999999867e+00,-4.566600000000000215e+00,0.000000000000000000e+00
8.632319999999999993e+00,9.433779999999999943e-02,0.000000000000000000e+00
6.626179999999999737e+00,-1.772650000000000059e+00,0.000000000000000000e+00
6.738179999999999836e+00,-1.929419999999999913e+00,0.000000000000000000e+00
8.528109999999999857e+00,4.671630000000000393e+00,0.000000000000000000e+00
7.585969999999999658e+00,-2.136589999999999989e+00,0.000000000000000000e+00
9.297860000000000014e+00,-2.659740000000000215e+00,0.000000000000000000e+00
8.654479999999999507e+00,-5.237720000000000153e-01,0.000000000000000000e+00
8.073829999999999174e+00,1.149140000000000050e+00,0.000000000000000000e+00
9.852800000000000225e+00,1.392560000000000020e+00,0.000000000000000000e+00
5.859149999999999636e+00,-2.425129999999999786e+00,0.000000000000000000e+00
8.847120000000000317e+00,8.051920000000000188e-01,0.000000000000000000e+00
9.175779999999999603e+00,-1.148530000000000051e+00,0.000000000000000000e+00
1.001529999999999987e+01,4.452069999999999972e+00,0.000000000000000000e+00
8.318179999999999907e+00,2.458919999999999995e+00,0.000000000000000000e+00
8.597039999999999793e+00,-2.095050000000000079e+00,0.000000000000000000e+00
8.535030000000000783e+00,-5.788219999999999921e+00,0.000000000000000000e+00
8.825720000000000454e+00,4.513169999999999682e+00,0.000000000000000000e+00
8.310719999999999885e+00,-4.958440000000000403e+00,0.000000000000000000e+00
8.182460000000000733e+00,-2.534299999999999886e-01,0.000000000000000000e+00
9.656330000000000524e+00,1.977279999999999927e+00,0.000000000000000000e+00
6.596219999999999750e+00,1.551500000000000101e+00,0.000000000000000000e+00
8.553029999999999688e+00,-4.088890000000000136e+00,0.000000000000000000e+00
1.142029999999999923e+01,1.351580000000000004e+00,0.000000000000000000e+00
1.247610000000000063e+01,-2.503779999999999895e+00,0.000000000000000000e+00
9.986100000000000421e+00,-1.876479999999999926e+00,0.000000000000000000e+00
7.163310000000000066e+00,1.614160000000000039e+00,0.000000000000000000e+00
9.416389999999999816e+00,-6.803160000000000318e-01,0.000000000000000000e+00
1.093449999999999989e+01,-2.797919999999999963e+00,0.000000000000000000e+00
7.416240000000000165e+00,-1.527910000000000101e+00,0.000000000000000000e+00
1.130899999999999928e+01,-1.579460000000000086e+00,0.000000000000000000e+00
1.049840000000000018e+01,-2.042300000000000004e+00,0.000000000000000000e+00
8.887000000000000455e+00,5.581000000000000405e+00,0.000000000000000000e+00
9.258530000000000371e+00,-7.161430000000000184e+00,0.000000000000000000e+00
7.647680000000000256e+00,-1.507309999999999928e+00,0.000000000000000000e+00
7.738470000000000404e+00,-4.433880000000000265e+00,0.000000000000000000e+00
7.923359999999999737e+00,-6.305310000000000414e+00,0.000000000000000000e+00
8.552149999999999253e+00,1.029120000000000035e+00,0.000000000000000000e+00
8.895080000000000098e+00,-5.531150000000000233e+00,0.000000000000000000e+00
6.268329999999999735e+00,-5.080810000000000048e-01,0.000000000000000000e+00
7.128300000000000303e+00,-1.646859999999999991e+00,0.000000000000000000e+00
9.260609999999999786e+00,-3.689830000000000165e+00,0.000000000000000000e+00
9.334130000000000038e+00,-8.036350000000000549e+00,0.000000000000000000e+00
5.770970000000000155e+00,4.978390000000000093e+00,0.000000000000000000e+00
1.127929999999999922e+01,-1.189480000000000093e+00,0.000000000000000000e+00
7.910540000000000127e+00,-1.087790000000000035e+00,0.000000000000000000e+00
8.724439999999999529e+00,-4.882429999999999826e-01,0.000000000000000000e+00
8.743399999999999395e+00,-1.688979999999999926e+00,0.000000000000000000e+00
1.067639999999999922e+01,-3.889990000000000059e+00,0.000000000000000000e+00
1.128260000000000041e+01,-3.232660000000000089e+00,0.000000000000000000e+00
6.764569999999999972e+00,-6.405929999999999680e-01,0.000000000000000000e+00
6.802579999999999849e+00,2.780130000000000212e+00,0.000000000000000000e+00
1.111120000000000019e+01,3.236430000000000140e-01,0.000000000000000000e+00
7.196559999999999846e+00,7.937450000000000339e-01,0.000000000000000000e+00
9.551869999999999195e+00,-8.091770000000000351e-01,0.000000000000000000e+00
6.430229999999999890e+00,-5.423489999999999700e-01,0.000000000000000000e+00
8.547990000000000421e+00,3.089939999999999909e+00,0.000000000000000000e+00
9.493330000000000268e+00,3.424150000000000027e+00,0.000000000000000000e+00
7.646320000000000228e+00,4.524810000000000221e-01,0.000000000000000000e+00
9.219120000000000203e+00,1.976080000000000059e-01,0.000000000000000000e+00
8.601100000000000634e+00,-2.111310000000000020e+00,0.000000000000000000e+00
8.330679999999999197e+00,2.610180000000000167e+00,0.000000000000000000e+00
8.688700000000000756e+00,-2.724169999999999980e+00,0.000000000000000000e+00
8.979599999999999582e+00,7.849630000000000496e-02,0.000000000000000000e+00
6.834570000000000256e+00,-3.286849999999999827e+00,0.000000000000000000e+00
9.814840000000000231e+00,-2.215380000000000127e+00,0.000000000000000000e+00
5.665549999999999642e+00,1.826330000000000009e+00,0.000000000000000000e+00
1.064380000000000059e+01,-1.779709999999999903e+00,0.000000000000000000e+00
8.978189999999999671e+00,-8.196409999999999529e-01,0.000000000000000000e+00
1.069870000000000054e+01,-1.831150000000000055e+00,0.000000000000000000e+00
7.121769999999999712e+00,-1.797099999999999920e+00,0.000000000000000000e+00
7.548589999999999911e+00,-5.292200000000000237e-01,0.000000000000000000e+00
9.981189999999999785e+00,-6.391740000000000199e-01,0.000000000000000000e+00
8.563380000000000436e+00,-2.942320000000000046e+00,0.000000000000000000e+00
7.739679999999999893e+00,-1.984269999999999978e+00,0.000000000000000000e+00
6.495739999999999625e+00,3.202020000000000088e+00,0.000000000000000000e+00
6.992259999999999920e+00,-2.622860000000000191e-01,0.000000000000000000e+00
1.038909999999999911e+01,2.135120000000000129e+00,0.000000000000000000e+00
7.588799999999999990e+00,5.962779999999999747e-01,0.000000000000000000e+00
9.731799999999999784e+00,-1.583890000000000020e+00,0.000000000000000000e+00
5.185699999999999754e+00,3.768419999999999881e+00,0.000000000000000000e+00
1.064559999999999995e+01,-1.708539999999999948e+00,0.000000000000000000e+00
8.274240000000000705e+00,4.217870000000000230e-01,0.000000000000000000e+00
9.269220000000000681e+00,-2.531800000000000050e+00,0.000000000000000000e+00
1.242280000000000051e+01,-1.647960000000000091e+00,0.000000000000000000e+00
7.234619999999999607e+00,-7.710730000000000084e-01,0.000000000000000000e+00
8.829010000000000247e+00,-2.983530000000000015e+00,0.000000000000000000e+00
7.793330000000000091e+00,1.116530000000000022e+00,0.000000000000000000e+00
4.527400000000000091e+00,-5.348810000000000286e+00,0.000000000000000000e+00
6.381759999999999877e+00,1.544110000000000094e+00,0.000000000000000000e+00
7.556879999999999598e+00,-2.287349999999999939e-01,0.000000000000000000e+00
1.002069999999999972e+01,-3.944770000000000110e+00,0.000000000000000000e+00
9.333719999999999573e+00,-4.591820000000000235e+00,0.000000000000000000e+00
9.882450000000000401e+00,-4.360240000000000116e+00,0.000000000000000000e+00
6.876070000000000348e+00,3.660849999999999937e+00,0.000000000000000000e+00
8.277820000000000178e+00,1.043269999999999920e+00,0.000000000000000000e+00
1.151769999999999960e+01,6.539449999999999985e-01,0.000000000000000000e+00
7.269099999999999895e+00,7.823039999999999772e+00,0.000000000000000000e+00
8.176289999999999836e+00,-3.013710000000000173e-03,0.000000000000000000e+00
9.082179999999999254e+00,4.295670000000000321e+00,0.000000000000000000e+00
7.567999999999999616e+00,-1.590799999999999992e+00,0.000000000000000000e+00
8.422829999999999373e+00,1.140020000000000033e+00,0.000000000000000000e+00
5.030000000000000249e+00,-3.466009999999999924e-01,0.000000000000000000e+00
8.651719999999999189e+00,-2.788889999999999869e+00,0.000000000000000000e+00
8.769080000000000652e+00,-4.756739999999999746e+00,0.000000000000000000e+00
8.328820000000000334e+00,2.159719999999999973e-01,0.000000000000000000e+00
6.929000000000000270e+00,-6.731620000000000381e+00,0.000000000000000000e+00
7.949770000000000003e+00,-1.915899999999999936e+00,0.000000000000000000e+00
6.821080000000000254e+00,6.314359999999999973e-01,0.000000000000000000e+00
6.970040000000000013e+00,4.265090000000000270e-01,0.000000000000000000e+00
9.687580000000000524e+00,2.025409999999999933e+00,0.000000000000000000e+00
8.929959999999999454e+00,-4.752699999999999925e+00,0.000000000000000000e+00
8.750959999999999184e+00,1.858070000000000110e+00,0.000000000000000000e+00
8.427680000000000504e+00,1.139939999999999953e+00,0.000000000000000000e+00
1.061040000000000028e+01,-1.654320000000000013e+00,0.000000000000000000e+00
7.895900000000000141e+00,-4.439239999999999853e+00,0.000000000000000000e+00
8.108679999999999666e+00,-2.619929999999999759e-01,0.000000000000000000e+00
9.527770000000000294e+00,-1.323960000000000026e+00,0.000000000000000000e+00
7.634400000000000297e+00,-1.011179999999999968e+00,0.000000000000000000e+00
6.277700000000000280e+00,7.219379999999999686e-01,0.000000000000000000e+00
9.943830000000000169e+00,-6.271149999999999558e+00,0.000000000000000000e+00
7.857730000000000103e+00,-6.729870000000000019e+00,0.000000000000000000e+00
8.325969999999999871e+00,3.994840000000000058e-01,0.000000000000000000e+00
8.833759999999999835e+00,2.338119999999999976e+00,0.000000000000000000e+00
8.221740000000000492e+00,-1.302550000000000097e+00,0.000000000000000000e+00
5.308729999999999727e+00,-1.827090000000000103e+00,0.000000000000000000e+00
8.862610000000000099e+00,-3.065549999999999997e+00,0.000000000000000000e+00
9.236560000000000770e+00,-1.565090000000000092e+00,0.000000000000000000e+00
9.101409999999999556e+00,-1.594289999999999985e+00,0.000000000000000000e+00
7.060249999999999915e+00,-4.173560000000000159e+00,0.000000000000000000e+00
8.832599999999999341e+00,2.077589999999999826e+00,0.000000000000000000e+00
9.357630000000000337e+00,6.533130000000000326e-01,0.000000000000000000e+00
8.003769999999999385e+00,-5.531620000000000203e+00,0.000000000000000000e+00
9.488129999999999953e+00,-4.123590000000000089e+00,0.000000000000000000e+00
5.339929999999999843e+00,-2.426730000000000054e+00,0.000000000000000000e+00
9.504720000000000724e+00,-7.651740000000000208e-01,0.000000000000000000e+00
9.497600000000000264e+00,1.523420000000000052e-01,0.000000000000000000e+00
9.547280000000000655e+00,-2.982790000000000052e+00,0.000000000000000000e+00
1.008719999999999928e+01,2.561209999999999876e-01,0.000000000000000000e+00
7.937120000000000175e+00,-3.962550000000000239e-01,0.000000000000000000e+00
9.215329999999999799e+00,-2.147799999999999987e-01,0.000000000000000000e+00
7.346400000000000041e+00,-3.916580000000000172e+00,0.000000000000000000e+00
1.016840000000000011e+01,-1.563549999999999995e+00,0.000000000000000000e+00
6.848609999999999864e+00,3.282789999999999875e+00,0.000000000000000000e+00
8.089019999999999655e+00,-2.210609999999999964e+00,0.000000000000000000e+00
8.075839999999999463e+00,-3.880739999999999856e+00,0.000000000000000000e+00
8.675000000000000711e+00,-2.259129999999999860e+00,0.000000000000000000e+00
7.000210000000000043e+00,-5.682929999999999815e+00,0.000000000000000000e+00
5.369019999999999904e+00,2.335329999999999906e+00,0.000000000000000000e+00
8.359199999999999520e+00,1.959999999999999964e+00,0.000000000000000000e+00
5.934859999999999580e+00,4.281850000000000378e+00,0.000000000000000000e+00
8.372329999999999828e+00,-2.239770000000000039e+00,0.000000000000000000e+00
8.838860000000000383e+00,-9.806350000000000344e-01,0.000000000000000000e+00
9.759759999999999991e+00,2.392119999999999802e+00,0.000000000000000000e+00
8.230100000000000193e+00,-6.477590000000000181e+00,0.000000000000000000e+00
9.574370000000000047e+00,5.855270000000000197e-01,0.000000000000000000e+00
9.456459999999999866e+00,-5.601359999999999673e-01,0.000000000000000000e+00
5.969109999999999694e+00,2.777740000000000098e+00,0.000000000000000000e+00
7.287029999999999674e+00,-1.557220000000000049e+00,0.000000000000000000e+00
9.958389999999999631e+00,1.608260000000000023e+00,0.000000000000000000e+00
5.869390000000000107e+00,-5.643970000000000375e-01,0.000000000000000000e+00
8.627580000000000027e+00,-1.080389999999999961e+00,0.000000000000000000e+00
1.005739999999999945e+01,-9.410469999999999668e-01,0.000000000000000000e+00
8.341409999999999769e+00,9.809299999999999686e-01,0.000000000000000000e+00
1.100239999999999974e+01,-3.241359999999999797e+00,0.000000000000000000e+00
6.113819999999999588e+00,-2.793369999999999909e+00,0.000000000000000000e+00
9.215970000000000439e+00,-8.478940000000000365e-01,0.000000000000000000e+00
1.004379999999999917e+01,-3.627699999999999925e+00,0.000000000000000000e+00
8.487030000000000740e+00,2.113879999999999981e+00,0.000000000000000000e+00
9.508879999999999555e+00,-3.432240000000000180e+00,0.000000000000000000e+00
6.621059999999999945e+00,-5.404529999999999612e-01,0.000000000000000000e+00
7.593700000000000117e+00,-6.374050000000000438e+00,0.000000000000000000e+00
7.126400000000000290e+00,-3.259489999999999998e+00,0.000000000000000000e+00
9.630689999999999529e+00,-4.256730000000000236e-01,0.000000000000000000e+00
9.046709999999999141e+00,5.080259999999999776e-01,0.000000000000000000e+00
5.891779999999999795e+00,2.333320000000000061e+00,0.000000000000000000e+00
8.861430000000000362e+00,-2.030250000000000110e+00,0.000000000000000000e+00
7.088930000000000398e+00,1.634720000000000062e-01,0.000000000000000000e+00
4.386960000000000193e+00,-2.798620000000000108e+00,0.000000000000000000e+00
8.013680000000000803e+00,-1.473249999999999948e+00,0.000000000000000000e+00
9.384819999999999496e+00,-2.417980000000000018e+00,0.000000000000000000e+00
1.062129999999999974e+01,-3.136429999999999829e+00,0.000000000000000000e+00
7.017999999999999794e+00,-4.372510000000000008e-01,0.000000000000000000e+00
7.718860000000000277e+00,1.020510000000000028e+00,0.000000000000000000e+00
8.190379999999999328e+00,8.033249999999999558e-01,0.000000000000000000e+00
6.624380000000000379e+00,-7.625560000000000116e-01,0.000000000000000000e+00
8.682880000000000820e+00,-4.131599999999999717e+00,0.000000000000000000e+00
8.353289999999999438e+00,-1.976120000000000099e+00,0.000000000000000000e+00
8.580199999999999605e+00,1.876470000000000082e+00,0.000000000000000000e+00
1.092539999999999978e+01,-2.346830000000000194e+00,0.000000000000000000e+00
6.463449999999999918e+00,-2.177430000000000199e+00,0.000000000000000000e+00
8.438190000000000524e+00,-7.394230000000000302e+00,0.000000000000000000e+00
9.764150000000000773e+00,3.836760000000000170e-01,0.000000000000000000e+00
7.386169999999999902e+00,-4.858029999999999848e-01,0.000000000000000000e+00
9.689719999999999445e+00,-7.830770000000000231e-01,0.000000000000000000e+00
8.225270000000000081e+00,9.053269999999999929e-01,0.000000000000000000e+00
7.601440000000000197e+00,1.538059999999999983e+00,0.000000000000000000e+00
8.900969999999999160e+00,-1.739170000000000105e+00,0.000000000000000000e+00
8.141690000000000538e+00,-3.760759999999999881e+00,0.000000000000000000e+00
7.092089999999999783e+00,-2.080740000000000034e+00,0.000000000000000000e+00
7.792539999999999800e+00,-5.334100000000000286e+00,0.000000000000000000e+00
5.439099999999999824e+00,-2.136070000000000135e+00,0.000000000000000000e+00
7.084469999999999601e+00,4.319899999999999629e+00,0.000000000000000000e+00
7.238089999999999691e+00,-3.380190000000000139e-01,0.000000000000000000e+00
8.495919999999999916e+00,-2.457809999999999828e+00,0.000000000000000000e+00
4.735380000000000145e+00,-2.355290000000000106e+00,0.000000000000000000e+00
9.194979999999999265e+00,-4.009920000000000151e+00,0.000000000000000000e+00
7.300189999999999735e+00,-7.699629999999999974e+00,0.000000000000000000e+00
9.196460000000000079e+00,-4.071589999999999598e+00,0.000000000000000000e+00
7.592670000000000030e+00,-1.985109999999999930e+00,0.000000000000000000e+00
6.741959999999999731e+00,-2.451119999999999965e+00,0.000000000000000000e+00
8.151770000000000849e+00,-9.715209999999999679e-01,0.000000000000000000e+00
5.725039999999999907e+00,1.853129999999999944e+00,0.000000000000000000e+00
9.163140000000000285e+00,-2.297810000000000130e+00,0.000000000000000000e+00
8.320309999999999206e+00,2.900750000000000273e-01,0.000000000000000000e+00
7.153780000000000250e+00,3.725719999999999921e+00,0.000000000000000000e+00
9.167220000000000368e+00,-2.299789999999999779e+00,0.000000000000000000e+00
8.179439999999999600e+00,-7.251719999999999722e+00,0.000000000000000000e+00
7.260989999999999611e+00,-3.638399999999999967e-01,0.000000000000000000e+00
7.819189999999999863e+00,1.354190000000000005e+00,0.000000000000000000e+00
9.152340000000000586e+00,6.027949999999999697e-01,0.000000000000000000e+00
1.050760000000000005e+01,3.063489999999999824e+00,0.000000000000000000e+00
5.831739999999999924e+00,-5.737820000000000142e-01,0.000000000000000000e+00
9.119979999999999976e+00,-4.714959999999999596e+00,0.000000000000000000e+00
5.044290000000000163e+00,1.507859999999999978e+00,0.000000000000000000e+00
7.791760000000000019e+00,1.317059999999999897e+00,0.000000000000000000e+00
6.040879999999999583e+00,6.771840000000000082e+00,0.000000000000000000e+00
9.986119999999999663e+00,-3.159060000000000201e+00,0.000000000000000000e+00
7.692849999999999966e+00,-1.141799999999999926e+00,0.000000000000000000e+00
8.443390000000000839e+00,-1.893790000000000084e+00,0.000000000000000000e+00
8.822829999999999728e+00,-7.661339999999999817e-01,0.000000000000000000e+00
7.846540000000000070e+00,-2.712380000000000013e+00,0.000000000000000000e+00
9.501960000000000406e+00,-2.276040000000000063e+00,0.000000000000000000e+00
7.644059999999999633e+00,7.776490000000000347e-01,0.000000000000000000e+00
7.956290000000000084e+00,3.754230000000000067e-01,0.000000000000000000e+00
6.474669999999999703e+00,-1.689230000000000009e+00,0.000000000000000000e+00
8.020709999999999340e+00,-4.794640000000000235e+00,0.000000000000000000e+00
7.660219999999999807e+00,-2.956539999999999946e+00,0.000000000000000000e+00
1.001890000000000036e+01,1.311830000000000052e+00,0.000000000000000000e+00
6.312940000000000218e+00,-5.310890000000000333e-01,0.000000000000000000e+00
9.707860000000000156e+00,-6.137690000000000090e+00,0.000000000000000000e+00
6.831579999999999764e+00,-7.066209999999999880e+00,0.000000000000000000e+00
8.732120000000000104e+00,-4.867619999999999614e+00,0.000000000000000000e+00
7.598060000000000258e+00,-4.353850000000000442e+00,0.000000000000000000e+00
6.246550000000000047e+00,-3.953710000000000058e+00,0.000000000000000000e+00
6.993619999999999948e+00,-5.327110000000000234e+00,0.000000000000000000e+00
7.871669999999999945e+00,-1.910309999999999953e+00,0.000000000000000000e+00
8.738149999999999196e+00,-1.812259999999999982e+00,0.000000000000000000e+00
7.550239999999999618e+00,3.175819999999999865e+00,0.000000000000000000e+00
6.874579999999999913e+00,-3.324609999999999843e+00,0.000000000000000000e+00
9.631009999999999849e+00,1.917099999999999915e-01,0.000000000000000000e+00
9.812060000000000670e+00,-2.264520000000000088e+00,0.000000000000000000e+00
7.841389999999999638e+00,-1.761109999999999953e+00,0.000000000000000000e+00
8.416980000000000572e+00,1.615950000000000025e-02,0.000000000000000000e+00
8.897750000000000270e+00,-1.977100000000000080e+00,0.000000000000000000e+00
8.304460000000000619e+00,-2.655640000000000223e-01,0.000000000000000000e+00
7.174009999999999998e+00,-3.743040000000000145e+00,0.000000000000000000e+00
8.473300000000000054e+00,-2.401330000000000187e+00,0.000000000000000000e+00
9.565310000000000201e+00,1.911909999999999998e-01,0.000000000000000000e+00
9.044710000000000250e+00,-1.657450000000000090e+00,0.000000000000000000e+00
9.613799999999999457e+00,-5.363639999999999519e-01,0.000000000000000000e+00
1.068629999999999924e+01,3.145950000000000024e+00,0.000000000000000000e+00
1.016399999999999970e+01,1.047350000000000003e+00,0.000000000000000000e+00
6.906530000000000058e+00,1.616409999999999902e+00,0.000000000000000000e+00
8.196109999999999118e+00,-3.325239999999999974e+00,0.000000000000000000e+00
7.487879999999999647e+00,-8.936600000000000099e-01,0.000000000000000000e+00
7.300720000000000098e+00,-6.440770000000000106e-01,0.000000000000000000e+00
8.993080000000000851e+00,-2.505139999999999922e+00,0.000000000000000000e+00
5.513930000000000220e+00,-2.994409999999999794e+00,0.000000000000000000e+00
8.856439999999999202e+00,-1.746329999999999938e+00,0.000000000000000000e+00
7.828190000000000204e+00,2.475940000000000030e+00,0.000000000000000000e+00
9.990959999999999397e+00,-1.418739999999999890e+00,0.000000000000000000e+00
8.525410000000000821e+00,-2.843410000000000104e-01,0.000000000000000000e+00
7.464000000000000412e+00,-6.678810000000000358e+00,0.000000000000000000e+00
1.084459999999999980e+01,-2.633750000000000036e+00,0.000000000000000000e+00
8.308249999999999247e+00,2.606050000000000200e+00,0.000000000000000000e+00
8.346679999999999211e+00,2.848199999999999843e+00,0.000000000000000000e+00
8.458009999999999806e+00,-2.234750000000000014e+00,0.000000000000000000e+00
8.462989999999999569e+00,3.252670000000000172e+00,0.000000000000000000e+00
9.377670000000000172e+00,-3.183069999999999844e+00,0.000000000000000000e+00
1.091469999999999985e+01,4.317529999999999646e+00,0.000000000000000000e+00
9.038289999999999935e+00,-4.056219999999999715e+00,0.000000000000000000e+00
7.559330000000000105e+00,5.981070000000000553e-01,0.000000000000000000e+00
7.642900000000000027e+00,-1.579700000000000104e+00,0.000000000000000000e+00
8.577859999999999374e+00,2.167510000000000048e+00,0.000000000000000000e+00
8.688340000000000174e+00,-1.376459999999999906e-01,0.000000000000000000e+00
9.216689999999999827e+00,-1.657529999999999948e+00,0.000000000000000000e+00
9.181419999999999249e+00,-6.484709999999999752e+00,0.000000000000000000e+00
1.076580000000000048e+01,-3.272190000000000154e+00,0.000000000000000000e+00
9.337989999999999569e+00,-3.680410000000000181e+00,0.000000000000000000e+00
9.253880000000000550e+00,-5.982610000000000428e-01,0.000000000000000000e+00
1.096139999999999937e+01,-1.192129999999999912e+00,0.000000000000000000e+00
8.555049999999999599e+00,4.439600000000000435e+00,0.000000000000000000e+00
6.884990000000000165e+00,-7.312920000000000531e-02,0.000000000000000000e+00
8.692959999999999354e+00,-2.865810000000000191e+00,0.000000000000000000e+00
9.136219999999999786e+00,-4.591540000000000177e+00,0.000000000000000000e+00
1.167360000000000042e+01,1.208530000000000104e+00,0.000000000000000000e+00
7.166339999999999932e+00,-4.191440000000000055e+00,0.000000000000000000e+00
9.592520000000000380e+00,-3.701690000000000147e+00,0.000000000000000000e+00
5.425939999999999763e+00,-1.142600000000000060e+00,0.000000000000000000e+00
8.749119999999999564e+00,-4.077620000000000133e-01,0.000000000000000000e+00
9.774240000000000705e+00,-3.044369999999999798e+00,0.000000000000000000e+00
9.515430000000000277e+00,-3.589999999999999858e+00,0.000000000000000000e+00
9.844939999999999358e+00,-4.436370000000000147e+00,0.000000000000000000e+00
7.212110000000000021e+00,-4.988219999999999876e-01,0.000000000000000000e+00
6.185909999999999798e+00,-3.945260000000000211e+00,0.000000000000000000e+00
1.066269999999999918e+01,1.947189999999999976e+00,0.000000000000000000e+00
8.878690000000000637e+00,-2.696849999999999969e+00,0.000000000000000000e+00
7.641670000000000407e+00,3.342970000000000108e-01,0.000000000000000000e+00
7.329629999999999868e+00,-1.263350000000000029e-01,0.000000000000000000e+00
4.361629999999999896e+00,-3.836790000000000145e+00,0.000000000000000000e+00
9.017319999999999780e+00,-2.742589999999999861e+00,0.000000000000000000e+00
8.104760000000000630e+00,-1.835409999999999986e+00,0.000000000000000000e+00
7.814569999999999794e+00,2.458299999999999930e+00,0.000000000000000000e+00
7.002679999999999794e+00,-1.891909999999999981e+00,0.000000000000000000e+00
6.356060000000000265e+00,-4.796940000000000204e+00,0.000000000000000000e+00
6.099849999999999994e+00,-4.658780000000000143e+00,0.000000000000000000e+00
6.193819999999999659e+00,-3.189839999999999787e+00,0.000000000000000000e+00
9.506660000000000110e+00,2.660669999999999980e-01,0.000000000000000000e+00
7.062660000000000160e+00,-4.011759999999999771e+00,0.000000000000000000e+00
7.911529999999999951e+00,-2.092789999999999928e+00,0.000000000000000000e+00
7.882089999999999819e+00,-1.682250000000000023e+00,0.000000000000000000e+00
1.003539999999999921e+01,-2.786329999999999973e+00,0.000000000000000000e+00
6.474319999999999631e+00,2.370670000000000055e+00,0.000000000000000000e+00
6.837819999999999787e+00,6.861209999999999809e-01,0.000000000000000000e+00
8.785650000000000404e+00,-5.706769999999999676e+00,0.000000000000000000e+00
8.286799999999999500e+00,2.696909999999999918e+00,0.000000000000000000e+00
8.182069999999999510e+00,5.979409999999999448e-01,0.000000000000000000e+00
9.750349999999999184e+00,3.929179999999999895e-01,0.000000000000000000e+00
7.580820000000000114e+00,-2.229480000000000128e+00,0.000000000000000000e+00
7.313539999999999708e+00,-1.042890000000000095e+00,0.000000000000000000e+00
9.676370000000000360e+00,-2.034600000000000186e+00,0.000000000000000000e+00
9.465680000000000760e+00,-5.337240000000000428e+00,0.000000000000000000e+00
9.018409999999999371e+00,3.923050000000000148e-01,0.000000000000000000e+00
8.611470000000000624e+00,3.377969999999999917e+00,0.000000000000000000e+00
8.230150000000000077e+00,1.157910000000000050e-01,0.000000000000000000e+00
7.747539999999999871e+00,-3.379090000000000149e-01,0.000000000000000000e+00
7.015340000000000131e+00,-1.028769999999999962e+00,0.000000000000000000e+00
9.549409999999999954e+00,-2.428869999999999862e+00,0.000000000000000000e+00
9.007149999999999324e+00,-3.639269999999999783e+00,0.000000000000000000e+00
6.877659999999999663e+00,3.371360000000000134e+00,0.000000000000000000e+00
8.619130000000000180e+00,-3.258699999999999930e-01,0.000000000000000000e+00
1.122610000000000063e+01,-5.203320000000000167e-01,0.000000000000000000e+00
7.728839999999999932e+00,-5.448499999999999455e-01,0.000000000000000000e+00
6.091169999999999973e+00,-2.064479999999999926e-01,0.000000000000000000e+00
6.522459999999999702e+00,-1.847199999999999953e+00,0.000000000000000000e+00
9.059749999999999304e+00,-1.583800000000000097e+00,0.000000000000000000e+00
9.986620000000000275e+00,-5.155230000000000423e+00,0.000000000000000000e+00
1.007680000000000042e+01,-1.217340000000000089e+00,0.000000000000000000e+00
7.716739999999999711e+00,3.797089999999999854e+00,0.000000000000000000e+00
8.257260000000000488e+00,-1.316529999999999978e+00,0.000000000000000000e+00
7.961009999999999920e+00,-1.908009999999999984e+00,0.000000000000000000e+00
8.433849999999999625e+00,1.971649999999999903e+00,0.000000000000000000e+00
8.267749999999999488e+00,-6.291719999999999757e+00,0.000000000000000000e+00
8.600590000000000401e+00,-4.752670000000000172e+00,0.000000000000000000e+00
8.315680000000000405e+00,-2.189579999999999860e+00,0.000000000000000000e+00
8.534760000000000346e+00,2.972690000000000055e+00,0.000000000000000000e+00
5.484860000000000291e+00,5.436269999999999714e-01,0.000000000000000000e+00
7.855789999999999829e+00,-2.629849999999999799e+00,0.000000000000000000e+00
1.075670000000000037e+01,-1.659969999999999946e+00,0.000000000000000000e+00
7.308440000000000047e+00,1.715910000000000046e+00,0.000000000000000000e+00
1.028069999999999951e+01,3.341110000000000024e+00,0.000000000000000000e+00
6.009520000000000195e+00,7.790820000000000523e-01,0.000000000000000000e+00
7.323430000000000106e+00,-1.726769999999999916e+00,0.000000000000000000e+00
8.134900000000000020e+00,-1.143979999999999997e+00,0.000000000000000000e+00
9.615970000000000795e+00,-6.385909999999999975e+00,0.000000000000000000e+00
7.568489999999999718e+00,-7.364579999999999460e-01,0.000000000000000000e+00
1.075469999999999970e+01,-6.387629999999999697e+00,0.000000000000000000e+00
7.646530000000000271e+00,9.873650000000000482e-01,0.000000000000000000e+00
8.199759999999999494e+00,8.344939999999999580e-01,0.000000000000000000e+00
8.834799999999999542e+00,5.128589999999999982e+00,0.000000000000000000e+00
7.744089999999999918e+00,1.602119999999999989e+00,0.000000000000000000e+00
6.831979999999999720e+00,-1.276100000000000012e+00,0.000000000000000000e+00
5.566840000000000011e+00,-4.951380000000000337e+00,0.000000000000000000e+00
7.344759999999999955e+00,-5.907740000000000213e-01,0.000000000000000000e+00
6.443130000000000024e+00,2.382000000000000117e+00,0.000000000000000000e+00
-1.627899999999999903e+00,-9.499100000000000321e+00,1.000000000000000000e+00
-3.331259999999999888e+00,-9.320809999999999818e+00,1.000000000000000000e+00
7.154810000000000336e-01,-7.294660000000000366e+00,1.000000000000000000e+00
-1.529320000000000013e+00,-9.231230000000000047e+00,1.000000000000000000e+00
-2.337079999999999824e+00,-1.023210000000000086e+01,1.000000000000000000e+00
-1.959910000000000041e+00,-9.153090000000000614e+00,1.000000000000000000e+00
-7.178069999999999729e-01,-8.750159999999999272e+00,1.000000000000000000e+00
5.350420000000000176e-02,-8.290940000000000865e+00,1.000000000000000000e+00
-4.171710000000000029e+00,-7.384579999999999700e+00,1.000000000000000000e+00
-1.220180000000000042e+00,-8.127290000000000347e+00,1.000000000000000000e+00
2.249800000000000022e+00,-8.825319999999999609e+00,1.000000000000000000e+00
-1.085809999999999942e+00,-8.741080000000000183e+00,1.000000000000000000e+00
-7.152860000000000440e+00,-8.127639999999999532e+00,1.000000000000000000e+00
-5.404130000000000322e+00,-6.813690000000000246e+00,1.000000000000000000e+00
-1.545730000000000048e+00,-9.260239999999999583e+00,1.000000000000000000e+00
-2.532550000000000079e+00,-9.051600000000000534e+00,1.000000000000000000e+00
-4.339579999999999771e+00,-9.072190000000000865e+00,1.000000000000000000e+00
-1.062249999999999917e+00,-8.330489999999999284e+00,1.000000000000000000e+00
-1.410209999999999964e+00,-1.037180000000000035e+01,1.000000000000000000e+00
2.021189999999999820e+00,-7.090419999999999945e+00,1.000000000000000000e+00
-3.065990000000000215e+00,-8.757960000000000633e+00,1.000000000000000000e+00
2.169480000000000075e+00,-9.633520000000000749e+00,1.000000000000000000e+00
-2.786890000000000089e+00,-7.781979999999999897e+00,1.000000000000000000e+00
-4.602379999999999804e-01,-9.358510000000000773e+00,1.000000000000000000e+00
-3.309379999999999988e+00,-8.188159999999999883e+00,1.000000000000000000e+00
1.423950000000000049e+00,-6.746660000000000323e+00,1.000000000000000000e+00
-3.153659999999999797e-02,-8.218880000000000408e+00,1.000000000000000000e+00
-8.710999999999999854e-01,-8.424860000000000682e+00,1.000000000000000000e+00
-3.348390000000000200e+00,-8.136350000000000193e+00,1.000000000000000000e+00
-1.722080000000000055e+00,-8.845140000000000668e+00,1.000000000000000000e+00
-5.653110000000000079e-01,-8.168639999999999901e+00,1.000000000000000000e+00
-2.759209999999999940e+00,-9.163429999999999964e+00,1.000000000000000000e+00
-2.398550000000000182e+00,-8.270830000000000126e+00,1.000000000000000000e+00
-3.774160000000000181e+00,-8.378320000000000434e+00,1.000000000000000000e+00
-8.709240000000000315e-01,-8.254189999999999472e+00,1.000000000000000000e+00
-2.206090000000000106e+00,-7.959789999999999921e+00,1.000000000000000000e+00
-8.612069999999999448e-01,-8.759690000000000865e+00,1.000000000000000000e+00
-3.195260000000000211e+00,-8.067600000000000549e+00,1.000000000000000000e+00
-4.729029999999999845e+00,-8.479440000000000310e+00,1.000000000000000000e+00
-2.501419999999999977e+00,-9.611580000000000013e+00,1.000000000000000000e+00
-1.578710000000000058e+00,-8.613839999999999719e+00,1.000000000000000000e+00
-2.081960000000000033e+00,-7.879360000000000142e+00,1.000000000000000000e+00
-3.615000000000000213e+00,-9.045009999999999550e+00,1.000000000000000000e+00
-5.411509999999999820e+00,-8.208750000000000213e+00,1.000000000000000000e+00
-1.317360000000000086e+00,-7.998079999999999856e+00,1.000000000000000000e+00
-4.212530000000000108e+00,-6.994180000000000064e+00,1.000000000000000000e+00
-4.558370000000000033e+00,-8.268330000000000624e+00,1.000000000000000000e+00
-2.711040000000000116e+00,-8.145509999999999806e+00,1.000000000000000000e+00
-7.383060000000000400e+00,-8.905459999999999710e+00,1.000000000000000000e+00
-1.310140000000000082e+00,-8.529790000000000205e+00,1.000000000000000000e+00
-2.229540000000000077e+00,-8.382310000000000372e+00,1.000000000000000000e+00
-2.098660000000000192e+00,-7.943229999999999791e+00,1.000000000000000000e+00
-2.461059999999999803e+00,-8.144330000000000069e+00,1.000000000000000000e+00
-6.221940000000000248e-01,-8.115980000000000416e+00,1.000000000000000000e+00
-2.777899999999999814e+00,-7.913610000000000255e+00,1.000000000000000000e+00
-2.618959999999999955e+00,-7.634290000000000020e+00,1.000000000000000000e+00
-2.923399999999999999e+00,-8.383670000000000400e+00,1.000000000000000000e+00
-1.971179999999999932e+00,-1.033810000000000073e+01,1.000000000000000000e+00
-4.164369999999999905e+00,-6.149989999999999846e+00,1.000000000000000000e+00
-3.290509999999999824e+00,-6.592509999999999870e+00,1.000000000000000000e+00
-6.287160000000000082e+00,-9.408960000000000434e+00,1.000000000000000000e+00
-2.618219999999999992e-01,-9.172399999999999665e+00,1.000000000000000000e+00
1.364519999999999969e-02,-9.766199999999999548e+00,1.000000000000000000e+00
1.398030000000000106e+00,-7.695219999999999949e+00,1.000000000000000000e+00
-4.310740000000000016e+00,-7.883000000000000007e+00,1.000000000000000000e+00
2.050440000000000040e-01,-9.056979999999999364e+00,1.000000000000000000e+00
9.737660000000000204e-01,-9.340109999999999246e+00,1.000000000000000000e+00
-4.867300000000000182e+00,-8.448410000000000863e+00,1.000000000000000000e+00
-1.605799999999999894e+00,-8.218750000000000000e+00,1.000000000000000000e+00
-1.171640000000000015e+00,-8.477999999999999758e+00,1.000000000000000000e+00
-4.861229999999999940e+00,-8.916949999999999932e+00,1.000000000000000000e+00
-3.249909999999999743e-01,-9.105790000000000717e+00,1.000000000000000000e+00
-9.334040000000000115e-01,-8.767739999999999867e+00,1.000000000000000000e+00
-1.173349999999999893e+00,-7.129679999999999573e+00,1.000000000000000000e+00
5.249159999999999937e-02,-8.315870000000000317e+00,1.000000000000000000e+00
2.210890000000000022e+00,-7.703289999999999971e+00,1.000000000000000000e+00
-1.746650000000000036e+00,-8.127459999999999241e+00,1.000000000000000000e+00
-1.883839999999999959e+00,-7.985109999999999708e+00,1.000000000000000000e+00
-2.241709999999999869e+00,-8.632529999999999148e+00,1.000000000000000000e+00
-7.354569999999999830e+00,-8.318179999999999907e+00,1.000000000000000000e+00
-2.363890000000000047e+00,-9.161310000000000286e+00,1.000000000000000000e+00
-1.932660000000000045e+00,-8.632410000000000139e+00,1.000000000000000000e+00
2.782439999999999802e+00,-8.362529999999999575e+00,1.000000000000000000e+00
-1.404330000000000078e+00,-9.290509999999999380e+00,1.000000000000000000e+00
-2.061879999999999935e+00,-9.292590000000000572e+00,1.000000000000000000e+00
1.337190000000000045e-01,-9.201819999999999666e+00,1.000000000000000000e+00
1.772639999999999993e+00,-2.431659999999999933e+00,2.000000000000000000e+00
1.141739999999999977e+00,-2.730039999999999800e+00,2.000000000000000000e+00
1.629839999999999955e+00,-3.109150000000000080e+00,2.000000000000000000e+00
3.033490000000000020e+00,-2.454849999999999977e+00,2.000000000000000000e+00
3.768110000000000070e-01,-2.238300000000000178e+00,2.000000000000000000e+00
1.432790000000000008e+00,-2.623749999999999805e+00,2.000000000000000000e+00
1.317630000000000079e+00,-2.892689999999999984e+00,2.000000000000000000e+00
7.519029999999999880e-01,-1.561700000000000088e+00,2.000000000000000000e+00
1.728820000000000079e-01,-2.623390000000000111e+00,2.000000000000000000e+00
1.342449999999999921e+00,-2.854169999999999874e+00,2.000000000000000000e+00
1.647499999999999964e+00,-2.264369999999999994e+00,2.000000000000000000e+00
6.580719999999999903e-01,-2.216270000000000184e+00,2.000000000000000000e+00
9.900250000000000439e-01,-2.550839999999999996e+00,2.000000000000000000e+00
-5.833169999999999744e-01,-2.458159999999999901e+00,2.000000000000000000e+00
1.024920000000000053e+00,-2.096610000000000085e+00,2.000000000000000000e+00
1.395799999999999930e+00,-2.078870000000000218e+00,2.000000000000000000e+00
1.606600000000000028e+00,-2.181639999999999802e+00,2.000000000000000000e+00
1.457840000000000025e+00,-2.419589999999999907e+00,2.000000000000000000e+00
1.732250000000000068e+00,-2.072369999999999823e+00,2.000000000000000000e+00
1.889080000000000092e+00,-2.547860000000000014e+00,2.000000000000000000e+00
1.968020000000000103e+00,-1.440930000000000044e+00,2.000000000000000000e+00
1.267830000000000013e+00,-3.139250000000000096e+00,2.000000000000000000e+00
2.419000000000000039e+00,-3.072090000000000209e+00,2.000000000000000000e+00
1.914600000000000080e+00,-1.443259999999999987e+00,2.000000000000000000e+00
2.311220000000000052e+00,-2.475119999999999987e+00,2.000000000000000000e+00
7.919749999999999845e-01,-2.550040000000000084e+00,2.000000000000000000e+00
1.108519999999999950e+00,-1.883450000000000069e+00,2.000000000000000000e+00
1.550799999999999956e+00,-3.044210000000000083e+00,2.000000000000000000e+00
1.127750000000000030e+00,-1.523679999999999923e+00,2.000000000000000000e+00
1.101280000000000037e+00,-2.731580000000000119e+00,2.000000000000000000e+00
1.645899999999999919e+00,-2.769820000000000171e+00,2.000000000000000000e+00
1.558899999999999952e+00,-2.447839999999999794e+00,2.000000000000000000e+00
4.316470000000000029e-01,-1.784559999999999924e+00,2.000000000000000000e+00
2.380910000000000082e+00,-2.199759999999999938e+00,2.000000000000000000e+00
8.472880000000000411e-01,-2.605189999999999895e+00,2.000000000000000000e+00
2.190879999999999939e+00,-2.165810000000000013e+00,2.000000000000000000e+00
2.771910000000000096e+00,-2.299339999999999939e+00,2.000000000000000000e+00
1.483139999999999903e+00,-2.337270000000000181e+00,2.000000000000000000e+00
1.805469999999999908e+00,-2.115779999999999994e+00,2.000000000000000000e+00
1.198220000000000063e+00,-2.352860000000000174e+00,2.000000000000000000e+00
2.525560000000000027e+00,-2.280120000000000147e+00,2.000000000000000000e+00
7.419210000000000527e-01,-2.757519999999999971e+00,2.000000000000000000e+00
1.561120000000000063e+00,-2.028869999999999951e+00,2.000000000000000000e+00
1.675400000000000000e+00,-2.116309999999999913e+00,2.000000000000000000e+00
1.024469999999999992e+00,-1.880900000000000016e+00,2.000000000000000000e+00
1.508359999999999923e+00,-2.619949999999999779e+00,2.000000000000000000e+00
2.079089999999999883e+00,-2.663260000000000183e+00,2.000000000000000000e+00
6.392280000000000184e-03,-1.339050000000000074e+00,2.000000000000000000e+00
6.006320000000000547e-01,-1.598279999999999923e+00,2.000000000000000000e+00
1.503349999999999964e+00,-1.726550000000000029e+00,2.000000000000000000e+00
3.515210000000000168e+00,-3.463839999999999808e+00,2.000000000000000000e+00
1.661659999999999915e+00,-2.865330000000000155e+00,2.000000000000000000e+00
1.595679999999999987e+00,-2.550930000000000142e+00,2.000000000000000000e+00
1.277169999999999916e+00,-2.182049999999999823e+00,2.000000000000000000e+00
3.140000000000000124e+00,-2.520729999999999915e+00,2.000000000000000000e+00
2.255030000000000090e+00,-3.480480000000000018e+00,2.000000000000000000e+00
2.397370000000000001e+00,-2.204159999999999897e+00,2.000000000000000000e+00
2.354039999999999910e+00,-2.717420000000000169e+00,2.000000000000000000e+00
1.206890000000000018e+00,-1.915110000000000090e+00,2.000000000000000000e+00
1.856740000000000057e+00,-2.523499999999999854e+00,2.000000000000000000e+00
1.590200000000000058e+00,-2.706980000000000164e+00,2.000000000000000000e+00
1.379850000000000021e+00,-2.515810000000000102e+00,2.000000000000000000e+00
8.735270000000000534e-01,-2.164569999999999883e+00,2.000000000000000000e+00
4.236369999999999858e-01,-2.604280000000000150e+00,2.000000000000000000e+00
1.151210000000000067e+00,-2.136779999999999902e+00,2.000000000000000000e+00
-2.631330000000000127e-02,-1.647280000000000078e+00,2.000000000000000000e+00
2.074770000000000003e+00,-2.541409999999999947e+00,2.000000000000000000e+00
1.524270000000000014e+00,-1.000680000000000014e+00,2.000000000000000000e+00
1.520410000000000039e+00,-1.981400000000000050e+00,2.000000000000000000e+00
1.803940000000000099e+00,-2.774119999999999919e+00,2.000000000000000000e+00
1.276510000000000034e+00,-2.381200000000000205e+00,2.000000000000000000e+00
1.172060000000000102e+00,-2.154889999999999972e+00,2.000000000000000000e+00
1.354540000000000077e+00,-2.393409999999999815e+00,2.000000000000000000e+00
8.881099999999999550e-01,-1.409200000000000008e+00,2.000000000000000000e+00
1.909229999999999983e+00,-2.170580000000000176e+00,2.000000000000000000e+00
1.664560000000000040e+00,-2.386870000000000047e+00,2.000000000000000000e+00
1.617609999999999992e+00,-3.280980000000000008e+00,2.000000000000000000e+00
2.025479999999999947e+00,-2.300590000000000135e+00,2.000000000000000000e+00
1.187829999999999941e+00,-2.220149999999999846e+00,2.000000000000000000e+00
1.948600000000000110e+00,-2.404679999999999929e+00,2.000000000000000000e+00
2.286020000000000163e+00,-2.706760000000000055e+00,2.000000000000000000e+00
1.099979999999999958e+00,-2.505050000000000221e+00,2.000000000000000000e+00
1.951810000000000045e+00,-2.272149999999999892e+00,2.000000000000000000e+00
1.628440000000000110e+00,-2.158230000000000093e+00,2.000000000000000000e+00
1.143769999999999953e+00,-2.348059999999999814e+00,2.000000000000000000e+00
1.315129999999999910e+00,-2.149319999999999897e+00,2.000000000000000000e+00
1.511030000000000095e+00,-2.666589999999999794e+00,2.000000000000000000e+00
7.268080000000000096e-01,-9.098450000000000149e-01,2.000000000000000000e+00
-3.350390000000000312e-02,-2.576270000000000060e+00,2.000000000000000000e+00
7.090549999999999908e-01,-2.137789999999999857e+00,2.000000000000000000e+00
1.720739999999999936e+00,-2.937149999999999928e+00,2.000000000000000000e+00
2.245379999999999932e+00,-3.184829999999999828e+00,2.000000000000000000e+00
1.880239999999999911e+00,-2.309359999999999857e+00,2.000000000000000000e+00
1.291009999999999991e+00,-2.188279999999999781e+00,2.000000000000000000e+00
5.316130000000000022e-01,-2.720590000000000064e+00,2.000000000000000000e+00
2.041659999999999808e+00,-2.338989999999999903e+00,2.000000000000000000e+00
2.644019999999999815e+00,-1.869369999999999976e+00,2.000000000000000000e+00
8.451830000000000176e-01,-2.662459999999999827e+00,2.000000000000000000e+00
1.391990000000000061e+00,-2.284060000000000201e+00,2.000000000000000000e+00
2.160759999999999792e+00,-2.503779999999999895e+00,2.000000000000000000e+00
1.623399999999999954e+00,-1.605169999999999986e+00,2.000000000000000000e+00
1.575669999999999904e+00,-1.499810000000000088e+00,2.000000000000000000e+00
2.689890000000000114e+00,-3.348219999999999974e+00,2.000000000000000000e+00
1.269460000000000033e+00,-2.598500000000000032e+00,2.000000000000000000e+00
2.944189999999999863e+00,-2.904869999999999841e+00,2.000000000000000000e+00
4.407559999999999811e-01,-1.488299999999999956e+00,2.000000000000000000e+00
2.465279999999999916e+00,-2.368110000000000159e+00,2.000000000000000000e+00
8.151880000000000237e-01,-2.187250000000000139e+00,2.000000000000000000e+00
5.383280000000000287e-01,-1.359790000000000054e+00,2.000000000000000000e+00
8.308729999999999727e-01,-2.499379999999999935e+00,2.000000000000000000e+00
1.488569999999999949e+00,-3.488230000000000164e+00,2.000000000000000000e+00
2.332240000000000091e+00,-3.412380000000000191e+00,2.000000000000000000e+00
2.012669999999999959e+00,-1.655010000000000092e+00,2.000000000000000000e+00
1.514399999999999968e+00,-2.280440000000000023e+00,2.000000000000000000e+00
2.595079999999999831e+00,-3.091419999999999835e+00,2.000000000000000000e+00
1.744150000000000089e+00,-2.168600000000000083e+00,2.000000000000000000e+00
2.316609999999999836e+00,-3.131330000000000169e+00,2.000000000000000000e+00
2.548430000000000195e+00,-2.873460000000000125e+00,2.000000000000000000e+00
1.257849999999999913e+00,-2.524929999999999897e+00,2.000000000000000000e+00
1.118419999999999970e+00,-2.316860000000000142e+00,2.000000000000000000e+00
2.210739999999999927e+00,-2.971659999999999968e+00,2.000000000000000000e+00
8.957789999999999919e-01,-1.877510000000000012e+00,2.000000000000000000e+00
-2.051139999999999908e-01,-1.739460000000000006e+00,2.000000000000000000e+00
1.331010000000000026e+00,-1.693710000000000049e+00,2.000000000000000000e+00
1.609850000000000003e+00,-1.231239999999999890e+00,2.000000000000000000e+00
2.802790000000000004e-01,-1.129150000000000098e+00,2.000000000000000000e+00
1.162150000000000016e+00,-2.666920000000000179e+00,2.000000000000000000e+00
2.497800000000000020e-01,-3.113560000000000105e+00,2.000000000000000000e+00
1.199869999999999992e+00,-1.876880000000000104e+00,2.000000000000000000e+00
1.435009999999999897e+00,-2.488140000000000018e+00,2.000000000000000000e+00
1.779719999999999969e+00,-2.018470000000000208e+00,2.000000000000000000e+00
1.317190000000000083e+00,-1.821120000000000072e+00,2.000000000000000000e+00
2.117059999999999942e+00,-2.961559999999999970e+00,2.000000000000000000e+00
1.475519999999999943e+00,-2.772600000000000176e+00,2.000000000000000000e+00
4.664380000000000193e-01,-2.614759999999999973e+00,2.000000000000000000e+00
2.598300000000000054e+00,-3.820739999999999803e+00,2.000000000000000000e+00
9.339060000000000139e-01,-3.125129999999999963e+00,2.000000000000000000e+00
7.271760000000000446e-01,-2.932760000000000034e+00,2.000000000000000000e+00
1.425280000000000102e+00,-2.594840000000000035e+00,2.000000000000000000e+00
1.604870000000000019e+00,-3.079819999999999780e+00,2.000000000000000000e+00
1.274850000000000039e+00,-2.756650000000000045e+00,2.000000000000000000e+00
3.371779999999999777e-01,-2.611260000000000137e+00,2.000000000000000000e+00
1.941149999999999931e+00,-1.470830000000000082e+00,2.000000000000000000e+00
1.487929999999999975e+00,-2.348869999999999791e+00,2.000000000000000000e+00
1.156649999999999956e+00,-2.661249999999999893e+00,2.000000000000000000e+00
2.147089999999999943e+00,-3.351729999999999876e+00,2.000000000000000000e+00
1.863599999999999923e+00,-2.361920000000000019e+00,2.000000000000000000e+00
3.627569999999999961e+00,-3.545350000000000001e+00,2.000000000000000000e+00
1.146339999999999915e+00,-4.248239999999999794e-01,2.000000000000000000e+00
2.458320000000000061e+00,-2.589500000000000135e+00,2.000000000000000000e+00
2.677099999999999813e+00,-2.078149999999999942e+00,2.000000000000000000e+00
1.442330000000000001e-01,-2.280339999999999812e+00,2.000000000000000000e+00
9.296459999999999724e-01,-2.092270000000000074e+00,2.000000000000000000e+00
1.091930000000000067e+00,-1.521519999999999984e+00,2.000000000000000000e+00
1.822990000000000110e+00,-2.566300000000000026e+00,2.000000000000000000e+00
1.690059999999999896e+00,-2.958509999999999973e+00,2.000000000000000000e+00
1.628609999999999891e+00,-2.288549999999999862e+00,2.000000000000000000e+00
3.519720000000000071e-01,-1.492180000000000062e+00,2.000000000000000000e+00
1.366840000000000055e+00,-2.971119999999999983e+00,2.000000000000000000e+00
4.049889999999999879e-01,-2.406489999999999796e+00,2.000000000000000000e+00
8.132500000000000284e-01,-2.058219999999999938e+00,2.000000000000000000e+00
8.209830000000000183e-01,-9.809999999999999831e-01,2.000000000000000000e+00
1.958900000000000086e+00,-2.998069999999999791e+00,2.000000000000000000e+00
8.088340000000000529e-01,-2.720749999999999780e+00,2.000000000000000000e+00
2.005090000000000039e+00,-2.005910000000000082e+00,2.000000000000000000e+00
1.550370000000000026e+00,-2.646980000000000111e+00,2.000000000000000000e+00
9.071599999999999664e-01,-2.933269999999999822e+00,2.000000000000000000e+00
2.848289999999999988e+00,-3.042899999999999938e+00,2.000000000000000000e+00
1.105310000000000015e+00,-2.237699999999999800e+00,2.000000000000000000e+00
5.837679999999999536e-01,-2.548820000000000086e+00,2.000000000000000000e+00
2.282770000000000188e+00,-2.634930000000000216e+00,2.000000000000000000e+00
5.439019999999999966e-01,-2.951280000000000125e+00,2.000000000000000000e+00
1.166860000000000008e+00,-2.200219999999999843e+00,2.000000000000000000e+00
2.282789999999999875e+00,-2.288839999999999986e+00,2.000000000000000000e+00
1.759139999999999926e+00,-2.919740000000000002e+00,2.000000000000000000e+00
1.598619999999999930e+00,-3.003989999999999938e+00,2.000000000000000000e+00
1.235649999999999915e+00,-1.398419999999999996e+00,2.000000000000000000e+00
1.453570000000000029e+00,-2.469019999999999992e+00,2.000000000000000000e+00
2.875449999999999839e+00,-1.945940000000000003e+00,2.000000000000000000e+00
1.151140000000000052e+00,-2.961990000000000123e+00,2.000000000000000000e+00
9.965979999999999839e-01,-2.191660000000000164e+00,2.000000000000000000e+00
1.616039999999999921e+00,-2.303269999999999929e+00,2.000000000000000000e+00
2.211149999999999949e+00,-3.478229999999999933e+00,2.000000000000000000e+00
2.176219999999999821e+00,-1.824130000000000029e+00,2.000000000000000000e+00
5.705390000000000184e-01,-1.852070000000000105e+00,2.000000000000000000e+00
1.094500000000000028e+00,-3.265099999999999891e+00,2.000000000000000000e+00
8.057299999999999462e-01,-2.154560000000000031e+00,2.000000000000000000e+00
1.882279999999999953e+00,-2.827049999999999841e+00,2.000000000000000000e+00
1.419429999999999970e+00,-2.409549999999999859e+00,2.000000000000000000e+00
1.495160000000000045e+00,-2.854649999999999910e+00,2.000000000000000000e+00
1.611869999999999914e+00,-2.902820000000000178e+00,2.000000000000000000e+00
1.607779999999999987e+00,-2.631400000000000183e+00,2.000000000000000000e+00
2.951670000000000016e+00,-2.902870000000000061e+00,2.000000000000000000e+00
1.512289999999999912e+00,-2.109560000000000102e+00,2.000000000000000000e+00
1.204579999999999984e+00,-2.566689999999999916e+00,2.000000000000000000e+00
1.184150000000000036e+00,-2.400900000000000034e+00,2.000000000000000000e+00
2.444729999999999848e+00,-2.903599999999999959e+00,2.000000000000000000e+00
2.210160000000000124e+00,-2.375350000000000072e+00,2.000000000000000000e+00
8.317350000000000021e-01,-2.650240000000000151e+00,2.000000000000000000e+00
1.788270000000000026e+00,-2.067550000000000221e+00,2.000000000000000000e+00
2.199640000000000040e+00,-2.169929999999999914e+00,2.000000000000000000e+00
1.301590000000000025e+00,-1.280299999999999994e+00,2.000000000000000000e+00
1.370020000000000016e+00,-2.512560000000000127e+00,2.000000000000000000e+00
2.718010000000000037e+00,-2.910540000000000127e+00,2.000000000000000000e+00
1.457440000000000069e+00,-1.941540000000000044e+00,2.000000000000000000e+00
5.394809999999999883e-01,-2.357439999999999980e+00,2.000000000000000000e+00
9.560619999999999674e-01,-1.983659999999999979e+00,2.000000000000000000e+00
2.114700000000000024e+00,-1.882880000000000109e+00,2.000000000000000000e+00
2.253559999999999786e+00,-2.002559999999999896e+00,2.000000000000000000e+00
5.126709999999999878e-01,-1.458960000000000035e+00,2.000000000000000000e+00
2.215469999999999828e+00,-3.087219999999999853e+00,2.000000000000000000e+00
1.772149999999999892e+00,-2.105389999999999873e+00,2.000000000000000000e+00
1.354829999999999979e+00,-2.577570000000000139e+00,2.000000000000000000e+00
2.286439999999999806e+00,-2.665410000000000057e+00,2.000000000000000000e+00
9.838679999999999648e-01,-2.474870000000000125e+00,2.000000000000000000e+00
6.164979999999999905e-01,-2.281179999999999986e+00,2.000000000000000000e+00
2.698199999999999932e+00,-3.028669999999999973e+00,2.000000000000000000e+00
7.278010000000000312e-01,-3.013370000000000104e+00,2.000000000000000000e+00
2.172940000000000094e+00,-3.310270000000000046e+00,2.000000000000000000e+00
4.284319999999999795e-01,-3.035179999999999989e+00,2.000000000000000000e+00
1.092840000000000034e+00,-3.126630000000000020e+00,2.000000000000000000e+00
1.062959999999999905e+00,-3.122710000000000097e+00,2.000000000000000000e+00
1.211589999999999945e+00,-2.289200000000000124e+00,2.000000000000000000e+00
1.443869999999999987e+00,-2.783910000000000107e+00,2.000000000000000000e+00
1.465170000000000083e+00,-3.286239999999999828e+00,2.000000000000000000e+00
1.654279999999999973e+00,-3.679640000000000022e+00,2.000000000000000000e+00
7.631219999999999670e-01,-2.799780000000000157e+00,2.000000000000000000e+00
1.239800000000000013e+00,-1.694609999999999950e+00,2.000000000000000000e+00
2.766820000000000057e+00,-3.423480000000000079e+00,2.000000000000000000e+00
1.081229999999999913e+00,-3.199570000000000025e+00,2.000000000000000000e+00
1.529630000000000045e+00,-2.098149999999999959e+00,2.000000000000000000e+00
9.177480000000000082e-01,-2.215180000000000149e+00,2.000000000000000000e+00
1.411499999999999977e+00,-2.878400000000000070e+00,2.000000000000000000e+00
1.646959999999999980e+00,-1.836459999999999981e+00,2.000000000000000000e+00
1.102659999999999973e+00,-2.684039999999999981e+00,2.000000000000000000e+00
2.136200000000000099e+00,-3.141399999999999970e+00,2.000000000000000000e+00
1.763640000000000096e+00,-2.591349999999999820e+00,2.000000000000000000e+00
6.650540000000000340e-01,-2.358400000000000052e+00,2.000000000000000000e+00
2.007969999999999811e+00,-1.628030000000000088e+00,2.000000000000000000e+00
2.382890000000000175e+00,-3.073960000000000026e+00,2.000000000000000000e+00
1.687769999999999992e+00,-3.090650000000000119e+00,2.000000000000000000e+00
4.666020000000000167e-01,-2.242649999999999810e+00,2.000000000000000000e+00
6.850530000000000230e-01,-2.778389999999999915e+00,2.000000000000000000e+00
2.194809999999999928e+00,-3.805400000000000116e+00,2.000000000000000000e+00
2.138590000000000213e+00,-1.781150000000000011e+00,2.000000000000000000e+00
6.124760000000000204e-01,-3.057789999999999786e+00,2.000000000000000000e+00
1.267139999999999933e+00,-3.315749999999999975e+00,2.000000000000000000e+00
1.098589999999999955e+00,-1.592600000000000016e+00,2.000000000000000000e+00
1.619729999999999892e+00,-2.573100000000000165e+00,2.000000000000000000e+00
5.988860000000000294e-01,-2.463249999999999940e+00,2.000000000000000000e+00
7.219320000000000181e-01,-2.697799999999999976e+00,2.000000000000000000e+00
1.384700000000000042e+00,-1.770170000000000021e+00,2.000000000000000000e+00
7.336970000000000436e-01,-1.966560000000000086e+00,2.000000000000000000e+00
1.037430000000000074e+00,-1.575150000000000050e+00,2.000000000000000000e+00
1.767870000000000053e+00,-2.139990000000000059e+00,2.000000000000000000e+00
5.332050000000000400e-01,-2.043369999999999909e+00,2.000000000000000000e+00
1.278909999999999991e+00,-2.820069999999999855e+00,2.000000000000000000e+00
1.078119999999999967e+00,-2.031439999999999912e+00,2.000000000000000000e+00
1.788599999999999968e+00,-3.743240000000000123e+00,2.000000000000000000e+00
2.416270000000000084e-01,-2.724369999999999958e+00,2.000000000000000000e+00
7.309109999999999774e-01,-2.826179999999999914e+00,2.000000000000000000e+00
1.823750000000000024e-02,-2.292479999999999851e+00,2.000000000000000000e+00
1.885240000000000027e+00,-2.988919999999999799e+00,2.000000000000000000e+00
2.607460000000000111e+00,-2.528039999999999843e+00,2.000000000000000000e+00
1.867960000000000065e+00,-2.964469999999999938e+00,2.000000000000000000e+00
1.448329999999999895e+00,-3.304559999999999942e+00,2.000000000000000000e+00
1.913929999999999909e+00,-2.135660000000000114e+00,2.000000000000000000e+00
1.185219999999999940e+00,-2.591579999999999995e+00,2.000000000000000000e+00
2.036989999999999856e+00,-2.512070000000000025e+00,2.000000000000000000e+00
1.450830000000000064e+00,-2.002390000000000114e+00,2.000000000000000000e+00
8.428529999999999633e-01,-1.042750000000000066e+00,2.000000000000000000e+00
1.881529999999999925e+00,-3.171069999999999833e+00,2.000000000000000000e+00
1.970010000000000039e+00,-3.336939999999999795e+00,2.000000000000000000e+00
2.555930000000000035e+00,-2.857530000000000125e+00,2.000000000000000000e+00
1.112619999999999942e+00,-2.207149999999999945e+00,2.000000000000000000e+00
2.912570000000000103e+00,-1.515779999999999905e+00,2.000000000000000000e+00
1.454339999999999966e+00,-3.274280000000000079e+00,2.000000000000000000e+00
2.674450000000000216e+00,-2.666240000000000165e+00,2.000000000000000000e+00
1.674760000000000026e+00,-2.012100000000000222e+00,2.000000000000000000e+00
7.248029999999999751e-01,-2.134160000000000057e+00,2.000000000000000000e+00
2.032519999999999882e+00,-3.343539999999999957e+00,2.000000000000000000e+00
6.666370000000000351e-01,-3.042930000000000135e+00,2.000000000000000000e+00
8.954499999999999682e-01,-2.064449999999999896e+00,2.000000000000000000e+00
9.399469999999999770e-01,-2.549510000000000165e+00,2.000000000000000000e+00
9.352340000000000098e-01,-2.237410000000000121e+00,2.000000000000000000e+00
1.524110000000000076e+00,-1.904870000000000063e+00,2.000000000000000000e+00
1.533530000000000060e+00,-2.424729999999999830e+00,2.000000000000000000e+00
1.282200000000000006e-01,-2.623400000000000176e+00,2.000000000000000000e+00
1.773889999999999967e+00,-2.468379999999999797e+00,2.000000000000000000e+00
8.260880000000000445e-01,-2.037679999999999936e+00,2.000000000000000000e+00
1.476580000000000004e+00,-2.473840000000000039e+00,2.000000000000000000e+00
3.066129999999999800e+00,-3.403319999999999901e+00,2.000000000000000000e+00
9.713650000000000340e-01,-2.085129999999999928e+00,2.000000000000000000e+00
2.217130000000000045e+00,-1.854899999999999993e+00,2.000000000000000000e+00
-1.353180000000000049e+01,6.378330000000000055e+00,3.000000000000000000e+00
-1.105550000000000033e+01,2.903779999999999806e+00,3.000000000000000000e+00
-3.807960000000000012e+00,3.727510000000000101e+00,3.000000000000000000e+00
-6.236290000000000333e+00,5.295079999999999565e+00,3.000000000000000000e+00
-1.508399999999999963e+01,5.195739999999999803e+00,3.000000000000000000e+00
-4.510650000000000048e+00,3.825660000000000061e+00,3.000000000000000000e+00
-1.995129999999999981e+01,4.069840000000000124e+00,3.000000000000000000e+00
-2.804399999999999782e+00,2.876100000000000101e+00,3.000000000000000000e+00
-1.325890000000000057e+01,4.405090000000000394e+00,3.000000000000000000e+00
-1.151810000000000045e+01,4.365850000000000009e+00,3.000000000000000000e+00
-9.858990000000000364e+00,5.569250000000000256e+00,3.000000000000000000e+00
-1.079579999999999984e+01,3.059569999999999901e+00,3.000000000000000000e+00
-1.955790000000000006e+01,3.838849999999999874e+00,3.000000000000000000e+00
-1.115090000000000003e+01,4.258060000000000400e+00,3.000000000000000000e+00
-5.989519999999999733e+00,3.232070000000000221e+00,3.000000000000000000e+00
-1.421630000000000038e+01,3.837889999999999802e+00,3.000000000000000000e+00
-6.499249999999999972e+00,3.399869999999999948e+00,3.000000000000000000e+00
-7.588099999999999845e-01,5.273670000000000080e+00,3.000000000000000000e+00
-1.145480000000000054e+01,4.642170000000000130e+00,3.000000000000000000e+00
-9.230259999999999465e+00,5.888010000000000410e+00,3.000000000000000000e+00
-1.518239999999999945e+01,3.395049999999999901e+00,3.000000000000000000e+00
-1.023499999999999943e+01,4.290910000000000224e+00,3.000000000000000000e+00
-4.252220000000000333e+00,3.534600000000000186e+00,3.000000000000000000e+00
-3.450779999999999959e+00,4.530120000000000147e+00,3.000000000000000000e+00
-9.574370000000000047e+00,5.779690000000000438e+00,3.000000000000000000e+00
-5.963599999999999568e+00,3.671149999999999913e+00,3.000000000000000000e+00
-3.647730000000000139e+00,6.250899999999999679e+00,3.000000000000000000e+00
1.852709999999999912e-01,4.407259999999999955e+00,3.000000000000000000e+00
-1.386110000000000042e+01,4.749679999999999680e+00,3.000000000000000000e+00
-9.660869999999999180e+00,4.201870000000000438e+00,3.000000000000000000e+00
-1.883630000000000138e+01,5.435520000000000351e+00,3.000000000000000000e+00
-1.069609999999999950e+01,2.252769999999999939e+00,3.000000000000000000e+00
-1.380959999999999965e+01,2.474180000000000046e+00,3.000000000000000000e+00
-1.526870000000000083e+01,4.304879999999999818e+00,3.000000000000000000e+00
-9.632160000000000721e+00,3.409780000000000033e+00,3.000000000000000000e+00
-6.383399999999999963e+00,5.821250000000000036e+00,3.000000000000000000e+00
-4.566790000000000127e+00,6.710539999999999949e+00,3.000000000000000000e+00
-8.119550000000000267e+00,4.991550000000000153e+00,3.000000000000000000e+00
-1.042919999999999980e+01,5.513279999999999959e+00,3.000000000000000000e+00
-3.605970000000000120e+00,4.220489999999999853e+00,3.000000000000000000e+00
-8.118529999999999802e+00,4.529040000000000177e+00,3.000000000000000000e+00
-2.202290000000000081e+00,4.122230000000000061e+00,3.000000000000000000e+00
-8.305490000000000705e+00,5.062140000000000306e+00,3.000000000000000000e+00
-1.127180000000000071e+01,3.874890000000000168e+00,3.000000000000000000e+00
-4.194590000000000263e-01,3.162599999999999856e+00,3.000000000000000000e+00
-7.322849999999999859e+00,5.216269999999999740e+00,3.000000000000000000e+00
-1.221490000000000009e+01,6.140930000000000000e+00,3.000000000000000000e+00
-1.250290000000000035e+01,4.262089999999999712e+00,3.000000000000000000e+00
-3.740180000000000060e+00,4.891750000000000043e+00,3.000000000000000000e+00
-3.090100000000000069e+00,3.640219999999999789e+00,3.000000000000000000e+00
-9.502539999999999765e+00,4.070500000000000007e+00,3.000000000000000000e+00
-4.651519999999999655e+00,5.398780000000000356e+00,3.000000000000000000e+00
-1.189230000000000054e+01,7.054149999999999920e+00,3.000000000000000000e+00
-1.180330000000000013e+01,6.379150000000000098e+00,3.000000000000000000e+00
-8.572789999999999466e+00,4.804969999999999963e+00,3.000000000000000000e+00
-1.571759999999999913e+01,4.102899999999999991e+00,3.000000000000000000e+00
-2.448090000000000099e+00,2.903840000000000199e+00,3.000000000000000000e+00
-1.072029999999999994e+01,4.626940000000000275e+00,3.000000000000000000e+00
-1.237859999999999960e+00,6.789559999999999818e+00,3.000000000000000000e+00
-7.327899999999999636e+00,4.977560000000000429e+00,3.000000000000000000e+00
-1.969729999999999981e+00,4.606469999999999843e+00,3.000000000000000000e+00
-7.839760000000000062e+00,4.004959999999999631e+00,3.000000000000000000e+00
